"Sector","display_subsector","Gas","1995","1996","1997","1998","1999","2000","2001","2002","2003","2004","2005","2006","2007","2008","2009","2010","2011","2012","2013","2014","2015","2016","2017","Edgar_Class","Code","Country","Units","CSC.Sector","CSC.Subsector","2018","2019","2020","2021","2022"
"AFOLU","Cropland","co2",10.611,10.611,10.611,10.611,10.611,10.611,10.611,10.611,10.611,10.611,10.611,10.611,10.611,10.611,10.611,10.611,10.611,10.611,10.611,10.611,10.611,10.611,10.611,"Cropland:co2","UGA","uganda","MtCO2e","AFOLU","Cropland",10.896236678475,11.1897119073579,11.3404525895171,11.51265388057,11.6130493225142
"AFOLU","Cropland - Unaccounted","co2",6.5249484085296,6.5249484085296,6.5249484085296,6.5249484085296,6.5249484085296,6.5249484085296,6.5249484085296,6.5249484085296,6.5249484085296,6.5249484085296,6.5249484085296,6.5249484085296,6.5249484085296,6.5249484085296,6.5249484085296,6.5249484085296,6.5249484085296,6.5249484085296,6.5249484085296,6.5249484085296,6.5249484085296,6.77348163625463,6.94823710943906,"Cropland - Unaccounted:co2","UGA","uganda","MtCO2e","AFOLU","Cropland - Unaccounted",7.13501423453124,7.32718608223887,7.42589327304844,7.53865318265044,7.60439357802652
"AFOLU","Forest land - Removals","co2",9.559775,10.491975,11.424175,12.356375,13.288575,14.220775,16.214175,18.207575,20.200975,22.194375,24.187775,26.944175,29.700575,32.456975,35.213375,37.969775,39.895575,41.821375,43.747175,45.672975,47.598775,49.218193,50.837611,"Forest land - Removals:co2","UGA","uganda","MtCO2e","AFOLU","Forest land - Removals",52.2041882597535,53.6102366552004,54.3324396673087,55.1574610835978,55.6384585790021
"AFOLU","Forest land - Sequestration","co2",-7.942775,-7.942775,-7.942775,-7.942775,-7.942775,-7.942775,-7.942775,-7.942775,-7.942775,-7.942775,-7.942775,-7.942775,-7.942775,-7.942775,-7.942775,-7.942775,-7.942775,-7.942775,-7.942775,-7.942775,-7.942775,-7.857693,-7.772611,"Forest land - Sequestration:co2","UGA","uganda","MtCO2e","AFOLU","Forest land - Sequestration",-7.98154830512847,-8.19652038996903,-8.30693869967572,-8.43307701360012,-8.50661718101183
"AFOLU","Forest land - Unaccounted","ch4",0.0551675419235738,0.0551675419235738,0.0551675419235738,0.0551675419235738,0.0551675419235738,0.0551675419235738,0.0551675419235738,0.0551675419235738,0.0551675419235738,0.0551675419235738,0.0551675419235738,0.0551675419235738,0.0551675419235738,0.0551675419235738,0.0551675419235738,0.0551675419235738,0.0551675419235738,0.0551675419235738,0.0551675419235738,0.0551675419235738,0.0551675419235738,0.0552121706513052,0.0560214575556731,"Forest land - Unaccounted:ch4","UGA","uganda","MtCO2e","AFOLU","Forest land - Unaccounted",0.0575273829610551,0.0590768043236513,0.0598726494586519,0.0607817972597782,0.0613118414582196
"AFOLU","Forest land - Unaccounted","co2",-0.468786769331542,-0.468786769331542,-0.468786769331542,-0.468786769331542,-0.468786769331542,-0.468786769331542,-0.468786769331542,-0.468786769331542,-0.468786769331542,-0.468786769331542,-0.468786769331542,-0.468786769331542,-0.468786769331542,-0.468786769331542,-0.468786769331542,-0.468786769331542,-0.468786769331542,-0.468786769331542,-0.468786769331542,-0.468786769331542,-0.468786769331542,-0.532673811512955,-0.831246418816745,"Forest land - Unaccounted:co2","UGA","uganda","MtCO2e","AFOLU","Forest land - Unaccounted",-0.853591340831402,-0.876581655883742,-0.888390406445874,-0.9018803420319,-0.90974513814741
"AFOLU","Livestock","ch4",12.8963623393081,13.1728670358401,13.4493717323722,13.7258764289043,14.0023811254364,14.2788858219685,14.905951857495,15.5330178930215,16.160083928548,16.7871499640746,17.4142159996011,18.580163111485,19.7461102233689,20.9120573352528,22.0780044471367,23.2439515590206,23.8272971240113,24.410642689002,24.9939882539927,25.5773338189834,26.1606793839741,26.7620901525621,27.36350092115,"Livestock:ch4","UGA","uganda","MtCO2e","AFOLU","Livestock",28.0990653461991,28.8558752317776,29.2446032305635,29.6886735525264,29.9475719379868
"AFOLU","Livestock","n2o",1.40868,1.40868,1.40868,1.40868,1.40868,1.40868,1.40868,1.40868,1.40868,1.40868,1.40868,1.491126,1.573572,1.656018,1.738464,1.82091,1.876056,1.931202,1.986348,2.041494,2.09664,2.100735,2.10483,"Livestock:n2o","UGA","uganda","MtCO2e","AFOLU","Livestock",2.16141040881675,2.21962504136879,2.24952641824458,2.28368478630102,2.30359952930992
"AFOLU","Managed Soils","n2o",3.1395,3.17772,3.21594,3.25416,3.29238,3.3306,3.42342,3.51624,3.60906,3.70188,3.7947,4.02402,4.25334,4.48266,4.71198,4.9413,5.05596,5.17062,5.28528,5.39994,5.5146,5.5965,5.6784,"Managed Soils:n2o","UGA","uganda","MtCO2e","AFOLU","Managed Soils",5.83104234804,5.98809349681853,6.0687612839802,6.16091356096772,6.21463945650407
"AFOLU","Other Lands","ch4",0.8587,0.8587,0.8587,0.8587,0.8587,0.8587,0.86978,0.88086,0.89194,0.90302,0.9141,0.82546,0.73682,0.64818,0.55954,0.4709,0.4432,0.4155,0.3878,0.3601,0.3324,0.3601,0.3878,"Other Lands:ch4","UGA","uganda","MtCO2e","AFOLU","Other Lands",0.398224539055,0.408950172243277,0.414459288871429,0.42075272593394,0.424421876097541
"AFOLU","Other Lands","co2",0,0,0,0,0,0,0,0,0,0,0,0,0,0,0,0,0.001012,0.002024,0.003036,0.004048,0.00506,0.00506,0.00506,"Other Lands:co2","UGA","uganda","MtCO2e","AFOLU","Other Lands",0.0051960189985,0.00533596666207061,0.00540784941126723,0.00548996594436755,0.00553784087945735
"AFOLU","Other Lands","n2o",0.819,0.819,0.819,0.819,0.819,0.819,0.819,0.819,0.819,0.819,0.819,0.7644,0.7098,0.6552,0.6006,0.546,0.4914,0.4368,0.3822,0.3276,0.273,0.273,0.273,"Other Lands:n2o","UGA","uganda","MtCO2e","AFOLU","Other Lands",0.280338574425,0.287889110423968,0.291767369422125,0.296197767354217,0.298780743101157
"AFOLU","Other Lands - Unaccounted","ch4",1.78368155104372,1.78368155104372,1.78368155104372,1.78368155104372,1.78368155104372,1.78368155104372,1.78368155104372,1.78368155104372,1.78368155104372,1.78368155104372,1.78368155104372,1.78368155104372,1.78368155104372,1.78368155104372,1.78368155104372,1.78368155104372,1.78368155104372,1.78368155104372,1.78368155104372,1.78368155104372,1.78368155104372,1.92167543128478,2.10741112381573,"Other Lands - Unaccounted:ch4","UGA","uganda","MtCO2e","AFOLU","Other Lands - Unaccounted",2.16406091640253,2.22234693675049,2.25228498126974,2.28648523725884,2.30642440144069
"AFOLU","Other Lands - Unaccounted","co2",6.82938973666238,6.82938973666238,6.82938973666238,6.82938973666238,6.82938973666238,6.82938973666238,6.82938973666238,6.82938973666238,6.82938973666238,6.82938973666238,6.82938973666238,6.82938973666238,6.82938973666238,6.82938973666238,6.82938973666238,6.82938973666238,6.82938973666238,6.82938973666238,6.82938973666238,6.82938973666238,6.82938973666238,12.2857709396478,23.5458378978068,"Other Lands - Unaccounted:co2","UGA","uganda","MtCO2e","AFOLU","Other Lands - Unaccounted",24.1787788641513,24.8300011962877,25.1644951805233,25.5466103143396,25.769388073429
"AFOLU","Other Lands - Unaccounted","n2o",0.779865954126186,0.779865954126186,0.779865954126186,0.779865954126186,0.779865954126186,0.779865954126186,0.779865954126186,0.779865954126186,0.779865954126186,0.779865954126186,0.779865954126186,0.779865954126186,0.779865954126186,0.779865954126186,0.779865954126186,0.779865954126186,0.779865954126186,0.779865954126186,0.779865954126186,0.779865954126186,0.779865954126186,0.795558623765535,0.840150761808384,"Other Lands - Unaccounted:n2o","UGA","uganda","MtCO2e","AFOLU","Other Lands - Unaccounted",0.862735043470477,0.885971631644814,0.897906877988376,0.911541318273217,0.919490362381364
"Energy","Buildings (Stationary Combustion)","ch4",1.47275554850983,1.5387637285986,1.60477190868738,1.67078008877616,1.73678826886493,1.80279644895371,1.88170196575777,1.96060748256183,2.03951299936588,2.11841851616994,2.197324032974,2.29285986049461,2.38839568801522,2.48393151553583,2.57946734305644,2.67500317057705,2.73745529486367,2.79990741915029,2.86235954343691,2.92481166772353,2.98726379201015,2.9579572923272,2.92865079264426,"Buildings (Stationary Combustion):ch4","UGA","uganda","MtCO2e","Energy","Buildings (Stationary Combustion)",3.00737651354776,3.0883760858491,3.12998072427047,3.17750852066443,3.2052178026009
"Energy","Buildings (Stationary Combustion)","co2",0.333321,0.333321,0.333321,0.333321,0.333321,0.333321,0.333321,0.333321,0.333321,0.333321,0.333321,0.333321,0.333321,0.333321,0.333321,0.333321,0.333321,0.333321,0.333321,0.333321,0.333321,0.333321,0.333321,"Buildings (Stationary Combustion):co2","UGA","uganda","MtCO2e","Energy","Buildings (Stationary Combustion)",0.342281076798225,0.351499949361272,0.356235133125099,0.361644454257418,0.364798154107036
"Energy","Buildings (Stationary Combustion)","n2o",0.192144451490171,0.200756271401395,0.209368091312619,0.217979911223843,0.226591731135067,0.23520355104629,0.245498034242232,0.255792517438174,0.266087000634115,0.276381483830057,0.286675967025999,0.29914013950539,0.311604311984781,0.324068484464172,0.336532656943564,0.348996829422955,0.357144705136335,0.365292580849715,0.373440456563094,0.381588332276474,0.389736207989854,0.385912707672797,0.382089207355739,"Buildings (Stationary Combustion):n2o","UGA","uganda","MtCO2e","Energy","Buildings (Stationary Combustion)",0.39236023330874,0.402927919444112,0.408355908112706,0.414556667212134,0.418171784998827
"Energy","Energy Industries","ch4",0.0544305,0.05690965,0.0593888,0.0682251,0.0770614,0.0829338,0.0888062,0.0888062,0.0888062,0.108307,0.1278078,0.1341234,0.140439,0.14693465,0.1534303,0.1566158,0.1598013,0.1791359,0.1984705,0.32845275,0.458435,0.382814,0.307193,"Energy Industries:ch4","UGA","uganda","MtCO2e","Energy","Energy Industries",0.315450724151425,0.323946957869853,0.32831096525601,0.333296266471957,0.336202757565838
"Energy","Energy Industries","co2",0.000828,0.0008655,0.000903,0.000941,0.000979,0.0010165,0.001054,0.001054,0.001054,0.0009785,0.000903,0.0860965,0.17129,0.20364,0.23599,0.256895,0.2778,0.1392485,0.000697,0.0218285,0.04296,0.08288,0.1228,"Energy Industries:co2","UGA","uganda","MtCO2e","Energy","Energy Industries",0.12610101443,0.129497372747484,0.131241878992809,0.133234746634058,0.1343966126477
"Energy","Energy Industries","n2o",0.01092,0.011466,0.012012,0.0137865,0.015561,0.016653,0.017745,0.017745,0.017745,0.0217035,0.025662,0.0268905,0.028119,0.0293475,0.030576,0.0312585,0.031941,0.035763,0.039585,0.065247,0.090909,0.0760305,0.061152,"Energy Industries:n2o","UGA","uganda","MtCO2e","Energy","Energy Industries",0.0627958406712,0.0644871607349687,0.065355890750556,0.0663482998873447,0.0669268864546592
"Energy","Fugitive Emissions","ch4",0.00330991855074376,0.00330991855074376,0.00330991855074376,0.00330991855074376,0.00330991855074376,0.00330991855074376,0.00330991855074376,0.00330991855074376,0.00330991855074376,0.00330991855074376,0.00330991855074376,0.00330991855074376,0.00330991855074376,0.00330991855074376,0.00330991855074376,0.00330991855074376,0.00330991855074376,0.00330991855074376,0.00330991855074376,0.00330991855074376,0.00330991855074376,0.00369143790206729,0.00423912844724982,"Fugitive Emissions:ch4","UGA","uganda","MtCO2e","Energy","Fugitive Emissions",0.00435308141284424,0.00447032570568383,0.00453054709046365,0.00459934205715439,0.00463945035740131
"Energy","Fugitive Emissions","co2",1.24732417789093e-06,1.24732417789093e-06,1.24732417789093e-06,1.24732417789093e-06,1.24732417789093e-06,1.24732417789093e-06,1.24732417789093e-06,1.24732417789093e-06,1.24732417789093e-06,1.24732417789093e-06,1.24732417789093e-06,1.24732417789093e-06,1.24732417789093e-06,1.24732417789093e-06,1.24732417789093e-06,1.24732417789093e-06,1.24732417789093e-06,1.24732417789093e-06,1.24732417789093e-06,1.24732417789093e-06,1.24732417789093e-06,1.38742909280763e-06,1.58026867842047e-06,"Fugitive Emissions:co2","UGA","uganda","MtCO2e","Energy","Fugitive Emissions",1.62274823632554e-06,1.66645474015139e-06,1.68890415854549e-06,1.71454964969943e-06,1.7295012821903e-06
"Energy","Fugitive Emissions","n2o",0,0,0,0,0,0,0,0,0,0,0,0,0,0,0,0,0,0,0,0,0,0,0,"Fugitive Emissions:n2o","UGA","uganda","MtCO2e","Energy","Fugitive Emissions",0,0,0,0,0
"Energy","Manufacturing Industries and Construction","ch4",0.011634,0.012188,0.012742,0.0128805,0.013019,0.024653,0.036287,0.036287,0.036287,0.0325475,0.028808,0.030747,0.032686,0.035179,0.037672,0.039611,0.04155,0.059832,0.078114,0.078114,0.078114,0.067588,0.057062,"Manufacturing Industries and Construction:ch4","UGA","uganda","MtCO2e","Energy","Manufacturing Industries and Construction",0.05859589646095,0.0601740967729393,0.0609847239339388,0.0619107582445654,0.0624506474829239
"Energy","Manufacturing Industries and Construction","co2",0.1507,0.16815,0.1856,0.17805,0.1705,0.15935,0.1482,0.16705,0.1859,0.2501,0.3143,0.2564,0.1985,0.4309,0.6633,0.45385,0.2444,0.41155,0.5787,0.5787,0.5787,0.84025,1.1018,"Manufacturing Industries and Construction:co2","UGA","uganda","MtCO2e","Energy","Manufacturing Industries and Construction",1.131417733705,1.16189092258288,1.17754317812929,1.19542380978343,1.20584843497749
"Energy","Manufacturing Industries and Construction","n2o",0.01638,0.01638,0.01638,0.01638,0.01638,0.03276,0.04914,0.04914,0.04914,0.04368,0.03822,0.04095,0.04368,0.04641,0.04914,0.04641,0.04368,0.07371,0.10374,0.10374,0.10374,0.09009,0.07644,"Manufacturing Industries and Construction:n2o","UGA","uganda","MtCO2e","Energy","Manufacturing Industries and Construction",0.078494800839,0.0806089509187109,0.081694863438195,0.0829353748591809,0.083658608068324
"Energy","Transport","ch4",0.0051522,0.0053184,0.0054846,0.0060109,0.0065372,0.0064818,0.0064264,0.00652335,0.0066203,0.00630175,0.0059832,0.0064264,0.0068696,0.00854545,0.0102213,0.01142625,0.0126312,0.01422395,0.0158167,0.01757565,0.0193346,0.02120435,0.0230741,"Transport:ch4","UGA","uganda","MtCO2e","Energy","Transport",0.0236943600737725,0.024332535248475,0.02466032768785,0.0250347871930694,0.0252531016278037
"Energy","Transport","co2",0.5888,0.6053,0.6218,0.72645,0.8311,0.83615,0.8412,0.8486,0.856,0.9076,0.9592,1.10755,1.2559,1.4651,1.6743,1.83695,1.9996,2.06245,2.1253,2.255,2.3847,2.7441,3.1035,"Transport:co2","UGA","uganda","MtCO2e","Energy","Transport",3.1869258817875,3.27276137069884,3.31684993040866,3.36721527832899,3.39657888723239
"Energy","Transport","n2o",0.007917,0.0080535,0.00819,0.0096915,0.011193,0.011193,0.011193,0.0113295,0.011466,0.012285,0.013104,0.0151515,0.017199,0.0200655,0.022932,0.025116,0.0273,0.0279825,0.028665,0.0326235,0.036582,0.0391755,0.041769,"Transport:n2o","UGA","uganda","MtCO2e","Energy","Transport",0.042891801887025,0.044047033894867,0.0446404075215851,0.0453182584051953,0.0457134536944771
"IPPU","IPPU","co2",0.120001,0.125121,0.130241,0.135361,0.140481,0.145601,0.1569814,0.1683618,0.1797422,0.1911226,0.202503,0.2166834,0.2308638,0.2450442,0.2592246,0.273405,0.2897658,0.3061266,0.3224874,0.3388482,0.355209,0.3524605,0.349712,"IPPU:co2","UGA","uganda","MtCO2e","IPPU","IPPU",0.3591126869572,0.368784895914236,0.373752931484799,0.379428255007246,0.382737037477626
"IPPU","IPPU","hfcs",0,0,0,0,0,0,0,0,0,0,0,0,0,0,0,0,0,0,0,0,0,0,0,"IPPU:hfcs","UGA","uganda","MtCO2e","IPPU","IPPU",0,0,0,0,0
"IPPU","IPPU","n2o",0.541484449129615,0.541484449129615,0.541484449129615,0.541484449129615,0.541484449129615,0.541484449129615,0.541484449129615,0.541484449129615,0.541484449129615,0.541484449129615,0.541484449129615,0.541484449129615,0.541484449129615,0.541484449129615,0.541484449129615,0.541484449129615,0.541484449129615,0.541484449129615,0.541484449129615,0.541484449129615,0.541484449129615,0.41461871138373,0.318893662363332,"IPPU:n2o","UGA","uganda","MtCO2e","IPPU","IPPU",0.327465914652395,0.336285761090186,0.340815988985849,0.34599117514809,0.349008371469472
"IPPU","IPPU","nf3",0,0,0,0,0,0,0,0,0,0,0,0,0,0,0,0,0,0,0,0,0,0,0,"IPPU:nf3","UGA","uganda","MtCO2e","IPPU","IPPU",0,0,0,0,0
"IPPU","IPPU","other_fcs",2.807454739568e-05,2.807454739568e-05,2.807454739568e-05,2.807454739568e-05,2.807454739568e-05,2.807454739568e-05,2.807454739568e-05,2.807454739568e-05,2.807454739568e-05,2.807454739568e-05,2.807454739568e-05,2.807454739568e-05,2.807454739568e-05,2.807454739568e-05,2.807454739568e-05,2.807454739568e-05,2.807454739568e-05,2.807454739568e-05,2.807454739568e-05,2.807454739568e-05,2.807454739568e-05,3.20049840310752e-05,3.64856817954257e-05,"IPPU:other_fcs","UGA","uganda","MtCO2e","IPPU","IPPU",3.7466461617047e-05,3.84755695065826e-05,3.89938879085131e-05,3.95859981252803e-05,3.99312055655299e-05
"IPPU","IPPU","pfcs",2.36654296284304e-06,2.36654296284304e-06,2.36654296284304e-06,2.36654296284304e-06,2.36654296284304e-06,2.36654296284304e-06,2.36654296284304e-06,2.36654296284304e-06,2.36654296284304e-06,2.36654296284304e-06,2.36654296284304e-06,2.36654296284304e-06,2.36654296284304e-06,2.36654296284304e-06,2.36654296284304e-06,2.36654296284304e-06,2.36654296284304e-06,2.36654296284304e-06,2.36654296284304e-06,2.36654296284304e-06,2.36654296284304e-06,2.69785897764107e-06,3.07555923451081e-06,"IPPU:pfcs","UGA","uganda","MtCO2e","IPPU","IPPU",3.15823403429453e-06,3.24329674754409e-06,3.28698837859027e-06,3.33690028801373e-06,3.36599953677204e-06
"IPPU","IPPU","sf6",0,0,0,0,0,0,0,0,0,0,0,0,0,0,0,0,0,0,0,0,0,0,0,"IPPU:sf6","UGA","uganda","MtCO2e","IPPU","IPPU",0,0,0,0,0
"Waste","Solid Waste","ch4",1.9765061,2.102969627,2.229433155,2.355896682,2.482360209,2.608823736,2.736467284,2.864110831,2.991754378,3.119397925,3.247041473,3.37567668,3.504311887,3.632947095,3.761582302,3.890217509,4.020741856,4.151266204,4.281790551,4.412314898,4.542839245,4.676670973,4.8105027,"Solid Waste:ch4","UGA","uganda","MtCO2e","Waste","Solid Waste",4.93981490544181,5.07286206225309,5.14120043361549,5.21926798385141,5.26478231280631
"Waste","Solid Waste","co2",0.002004,0.0021152,0.0022264,0.0023376,0.0024488,0.0025599999999999,0.002777,0.002994,0.003211,0.003428,0.003645,0.0037602,0.0038754,0.0039905999999999,0.0041058,0.004221,0.0047312,0.0052414,0.0057516,0.0062618,0.006772,0.0078315,0.008891,"Solid Waste:co2","UGA","uganda","MtCO2e","Waste","Solid Waste",0.009130000971475,0.00937590505780035,0.00950221128766342,0.00964649944888772,0.00973062119748128
"Waste","Solid Waste","n2o",0.179088,0.1854762,0.1918644,0.1982526,0.2046408,0.211029,0.2182908,0.2255526,0.2328144,0.2400762,0.247338,0.2551458,0.2629536,0.2707614,0.2785692,0.286377,0.2947854,0.3031938,0.3116022,0.3200106,0.328419,0.339339,0.350259,"Solid Waste:n2o","UGA","uganda","MtCO2e","Waste","Solid Waste",0.359674390987275,0.36936172867395,0.374337534968586,0.380021735515461,0.383335693398785
"Waste","Wastewater Treatment","ch4",0.3812628,0.4033397,0.4254166,0.4474935,0.4695704,0.4916473,0.54731876,0.60299022,0.65866168,0.71433314,0.7700046,0.84035706,0.91070952,0.98106198,1.05141444,1.1217669,1.21837342,1.31497994,1.41158646,1.50819298,1.6047995,1.7341585,1.8635175,"Wastewater Treatment:ch4","UGA","uganda","MtCO2e","Waste","Wastewater Treatment",1.91361113320894,1.96515163126189,1.99162490420181,2.02186711694327,2.03949869389015
"Waste","Wastewater Treatment","n2o",0.187824,0.194649,0.201474,0.208299,0.215124,0.221949,0.229866,0.237783,0.2457,0.253617,0.261534,0.2890524,0.3165708,0.3440892,0.3716076,0.399126,0.4084626,0.4177992,0.4271358,0.4364724,0.445809,0.459459,0.473109,"Wastewater Treatment:n2o","UGA","uganda","MtCO2e","Waste","Wastewater Treatment",0.485826749478525,0.498911828364736,0.505632851208543,0.513310730824859,0.517787027794306
