Sector,display_subsector,Gas,Year,emission_co2e
AFOLU,Agriculture and Livestock,ch4,1995,12.896362339308062
AFOLU,Agriculture and Livestock,ch4,1996,13.172867035840149
AFOLU,Agriculture and Livestock,ch4,1997,13.449371732372233
AFOLU,Agriculture and Livestock,ch4,1998,13.725876428904321
AFOLU,Agriculture and Livestock,ch4,1999,14.002381125436406
AFOLU,Agriculture and Livestock,ch4,2000,14.278885821968492
AFOLU,Agriculture and Livestock,ch4,2001,14.905951857495007
AFOLU,Agriculture and Livestock,ch4,2002,15.533017893021523
AFOLU,Agriculture and Livestock,ch4,2003,16.160083928548037
AFOLU,Agriculture and Livestock,ch4,2004,16.78714996407455
AFOLU,Agriculture and Livestock,ch4,2005,17.414215999601065
AFOLU,Agriculture and Livestock,ch4,2006,18.58016311148496
AFOLU,Agriculture and Livestock,ch4,2007,19.746110223368863
AFOLU,Agriculture and Livestock,ch4,2008,20.912057335252754
AFOLU,Agriculture and Livestock,ch4,2009,22.078004447136657
AFOLU,Agriculture and Livestock,ch4,2010,23.24395155902056
AFOLU,Agriculture and Livestock,ch4,2011,23.82729712401127
AFOLU,Agriculture and Livestock,ch4,2012,24.410642689001985
AFOLU,Agriculture and Livestock,ch4,2013,24.993988253992697
AFOLU,Agriculture and Livestock,ch4,2014,25.577333818983412
AFOLU,Agriculture and Livestock,ch4,2015,26.160679383974127
AFOLU,Agriculture and Livestock,ch4,2016,26.762090152562063
AFOLU,Agriculture and Livestock,ch4,2017,27.36350092115
AFOLU,Agriculture and Livestock,co2,1995,0.0
AFOLU,Agriculture and Livestock,co2,1996,0.0
AFOLU,Agriculture and Livestock,co2,1997,0.0
AFOLU,Agriculture and Livestock,co2,1998,0.0
AFOLU,Agriculture and Livestock,co2,1999,0.0
AFOLU,Agriculture and Livestock,co2,2000,0.0
AFOLU,Agriculture and Livestock,co2,2001,0.0
AFOLU,Agriculture and Livestock,co2,2002,0.0
AFOLU,Agriculture and Livestock,co2,2003,0.0
AFOLU,Agriculture and Livestock,co2,2004,0.0
AFOLU,Agriculture and Livestock,co2,2005,0.0
AFOLU,Agriculture and Livestock,co2,2006,0.0
AFOLU,Agriculture and Livestock,co2,2007,0.0
AFOLU,Agriculture and Livestock,co2,2008,0.0
AFOLU,Agriculture and Livestock,co2,2009,0.0
AFOLU,Agriculture and Livestock,co2,2010,0.0
AFOLU,Agriculture and Livestock,co2,2011,0.001012
AFOLU,Agriculture and Livestock,co2,2012,0.002024
AFOLU,Agriculture and Livestock,co2,2013,0.003036
AFOLU,Agriculture and Livestock,co2,2014,0.004048
AFOLU,Agriculture and Livestock,co2,2015,0.00506
AFOLU,Agriculture and Livestock,co2,2016,0.00506
AFOLU,Agriculture and Livestock,co2,2017,0.00506
AFOLU,Agriculture and Livestock,n2o,1995,1.4086800000000002
AFOLU,Agriculture and Livestock,n2o,1996,1.4086800000000002
AFOLU,Agriculture and Livestock,n2o,1997,1.4086800000000002
AFOLU,Agriculture and Livestock,n2o,1998,1.4086800000000002
AFOLU,Agriculture and Livestock,n2o,1999,1.4086800000000002
AFOLU,Agriculture and Livestock,n2o,2000,1.4086800000000002
AFOLU,Agriculture and Livestock,n2o,2001,1.4086800000000002
AFOLU,Agriculture and Livestock,n2o,2002,1.4086800000000002
AFOLU,Agriculture and Livestock,n2o,2003,1.4086800000000002
AFOLU,Agriculture and Livestock,n2o,2004,1.4086800000000002
AFOLU,Agriculture and Livestock,n2o,2005,1.4086800000000002
AFOLU,Agriculture and Livestock,n2o,2006,1.491126
AFOLU,Agriculture and Livestock,n2o,2007,1.573572
AFOLU,Agriculture and Livestock,n2o,2008,1.656018
AFOLU,Agriculture and Livestock,n2o,2009,1.738464
AFOLU,Agriculture and Livestock,n2o,2010,1.82091
AFOLU,Agriculture and Livestock,n2o,2011,1.8760560000000002
AFOLU,Agriculture and Livestock,n2o,2012,1.931202
AFOLU,Agriculture and Livestock,n2o,2013,1.986348
AFOLU,Agriculture and Livestock,n2o,2014,2.041494
AFOLU,Agriculture and Livestock,n2o,2015,2.09664
AFOLU,Agriculture and Livestock,n2o,2016,2.100735
AFOLU,Agriculture and Livestock,n2o,2017,2.1048299999999998
AFOLU,Cropland,co2,1995,10.611
AFOLU,Cropland,co2,1996,10.611
AFOLU,Cropland,co2,1997,10.611
AFOLU,Cropland,co2,1998,10.611
AFOLU,Cropland,co2,1999,10.611
AFOLU,Cropland,co2,2000,10.611
AFOLU,Cropland,co2,2001,10.611
AFOLU,Cropland,co2,2002,10.611
AFOLU,Cropland,co2,2003,10.611
AFOLU,Cropland,co2,2004,10.611
AFOLU,Cropland,co2,2005,10.611
AFOLU,Cropland,co2,2006,10.611
AFOLU,Cropland,co2,2007,10.611
AFOLU,Cropland,co2,2008,10.611
AFOLU,Cropland,co2,2009,10.611
AFOLU,Cropland,co2,2010,10.611
AFOLU,Cropland,co2,2011,10.611
AFOLU,Cropland,co2,2012,10.611
AFOLU,Cropland,co2,2013,10.611
AFOLU,Cropland,co2,2014,10.611
AFOLU,Cropland,co2,2015,10.611
AFOLU,Cropland,co2,2016,10.611
AFOLU,Cropland,co2,2017,10.611
AFOLU,Cropland - Unaccounted,co2,1995,6.5249484085296015
AFOLU,Cropland - Unaccounted,co2,1996,6.5249484085296015
AFOLU,Cropland - Unaccounted,co2,1997,6.5249484085296015
AFOLU,Cropland - Unaccounted,co2,1998,6.5249484085296015
AFOLU,Cropland - Unaccounted,co2,1999,6.5249484085296015
AFOLU,Cropland - Unaccounted,co2,2000,6.5249484085296015
AFOLU,Cropland - Unaccounted,co2,2001,6.5249484085296015
AFOLU,Cropland - Unaccounted,co2,2002,6.5249484085296015
AFOLU,Cropland - Unaccounted,co2,2003,6.5249484085296015
AFOLU,Cropland - Unaccounted,co2,2004,6.5249484085296015
AFOLU,Cropland - Unaccounted,co2,2005,6.5249484085296015
AFOLU,Cropland - Unaccounted,co2,2006,6.5249484085296015
AFOLU,Cropland - Unaccounted,co2,2007,6.5249484085296015
AFOLU,Cropland - Unaccounted,co2,2008,6.5249484085296015
AFOLU,Cropland - Unaccounted,co2,2009,6.5249484085296015
AFOLU,Cropland - Unaccounted,co2,2010,6.5249484085296015
AFOLU,Cropland - Unaccounted,co2,2011,6.5249484085296015
AFOLU,Cropland - Unaccounted,co2,2012,6.5249484085296015
AFOLU,Cropland - Unaccounted,co2,2013,6.5249484085296015
AFOLU,Cropland - Unaccounted,co2,2014,6.5249484085296015
AFOLU,Cropland - Unaccounted,co2,2015,6.5249484085296015
AFOLU,Cropland - Unaccounted,co2,2016,6.77348163625463
AFOLU,Cropland - Unaccounted,co2,2017,6.948237109439059
AFOLU,Forest land - Removals,co2,1995,9.559775
AFOLU,Forest land - Removals,co2,1996,10.491975
AFOLU,Forest land - Removals,co2,1997,11.424175
AFOLU,Forest land - Removals,co2,1998,12.356375
AFOLU,Forest land - Removals,co2,1999,13.288575
AFOLU,Forest land - Removals,co2,2000,14.220775
AFOLU,Forest land - Removals,co2,2001,16.214175
AFOLU,Forest land - Removals,co2,2002,18.207575
AFOLU,Forest land - Removals,co2,2003,20.200975
AFOLU,Forest land - Removals,co2,2004,22.194375
AFOLU,Forest land - Removals,co2,2005,24.187775
AFOLU,Forest land - Removals,co2,2006,26.944175
AFOLU,Forest land - Removals,co2,2007,29.700575
AFOLU,Forest land - Removals,co2,2008,32.456975
AFOLU,Forest land - Removals,co2,2009,35.213375
AFOLU,Forest land - Removals,co2,2010,37.969775
AFOLU,Forest land - Removals,co2,2011,39.895575
AFOLU,Forest land - Removals,co2,2012,41.821375
AFOLU,Forest land - Removals,co2,2013,43.747175
AFOLU,Forest land - Removals,co2,2014,45.672975
AFOLU,Forest land - Removals,co2,2015,47.598775
AFOLU,Forest land - Removals,co2,2016,49.218193
AFOLU,Forest land - Removals,co2,2017,50.837610999999995
AFOLU,Forest land - Sequestration,co2,1995,-7.942775
AFOLU,Forest land - Sequestration,co2,1996,-7.942775
AFOLU,Forest land - Sequestration,co2,1997,-7.942775
AFOLU,Forest land - Sequestration,co2,1998,-7.942775
AFOLU,Forest land - Sequestration,co2,1999,-7.942775
AFOLU,Forest land - Sequestration,co2,2000,-7.942775
AFOLU,Forest land - Sequestration,co2,2001,-7.942775
AFOLU,Forest land - Sequestration,co2,2002,-7.942775
AFOLU,Forest land - Sequestration,co2,2003,-7.942775
AFOLU,Forest land - Sequestration,co2,2004,-7.942775
AFOLU,Forest land - Sequestration,co2,2005,-7.942775
AFOLU,Forest land - Sequestration,co2,2006,-7.942775
AFOLU,Forest land - Sequestration,co2,2007,-7.942775
AFOLU,Forest land - Sequestration,co2,2008,-7.942775
AFOLU,Forest land - Sequestration,co2,2009,-7.942775
AFOLU,Forest land - Sequestration,co2,2010,-7.942775
AFOLU,Forest land - Sequestration,co2,2011,-7.942775
AFOLU,Forest land - Sequestration,co2,2012,-7.942775
AFOLU,Forest land - Sequestration,co2,2013,-7.942775
AFOLU,Forest land - Sequestration,co2,2014,-7.942775
AFOLU,Forest land - Sequestration,co2,2015,-7.942775
AFOLU,Forest land - Sequestration,co2,2016,-7.857693
AFOLU,Forest land - Sequestration,co2,2017,-7.772611
AFOLU,Forest land - Unaccounted,ch4,1995,0.05516754192357382
AFOLU,Forest land - Unaccounted,ch4,1996,0.05516754192357382
AFOLU,Forest land - Unaccounted,ch4,1997,0.05516754192357382
AFOLU,Forest land - Unaccounted,ch4,1998,0.05516754192357382
AFOLU,Forest land - Unaccounted,ch4,1999,0.05516754192357382
AFOLU,Forest land - Unaccounted,ch4,2000,0.05516754192357382
AFOLU,Forest land - Unaccounted,ch4,2001,0.05516754192357382
AFOLU,Forest land - Unaccounted,ch4,2002,0.05516754192357382
AFOLU,Forest land - Unaccounted,ch4,2003,0.05516754192357382
AFOLU,Forest land - Unaccounted,ch4,2004,0.05516754192357382
AFOLU,Forest land - Unaccounted,ch4,2005,0.05516754192357382
AFOLU,Forest land - Unaccounted,ch4,2006,0.05516754192357382
AFOLU,Forest land - Unaccounted,ch4,2007,0.05516754192357382
AFOLU,Forest land - Unaccounted,ch4,2008,0.05516754192357382
AFOLU,Forest land - Unaccounted,ch4,2009,0.05516754192357382
AFOLU,Forest land - Unaccounted,ch4,2010,0.05516754192357382
AFOLU,Forest land - Unaccounted,ch4,2011,0.05516754192357382
AFOLU,Forest land - Unaccounted,ch4,2012,0.05516754192357382
AFOLU,Forest land - Unaccounted,ch4,2013,0.05516754192357382
AFOLU,Forest land - Unaccounted,ch4,2014,0.05516754192357382
AFOLU,Forest land - Unaccounted,ch4,2015,0.05516754192357382
AFOLU,Forest land - Unaccounted,ch4,2016,0.05521217065130518
AFOLU,Forest land - Unaccounted,ch4,2017,0.05602145755567313
AFOLU,Forest land - Unaccounted,co2,1995,-0.46878676933154184
AFOLU,Forest land - Unaccounted,co2,1996,-0.46878676933154184
AFOLU,Forest land - Unaccounted,co2,1997,-0.46878676933154184
AFOLU,Forest land - Unaccounted,co2,1998,-0.46878676933154184
AFOLU,Forest land - Unaccounted,co2,1999,-0.46878676933154184
AFOLU,Forest land - Unaccounted,co2,2000,-0.46878676933154184
AFOLU,Forest land - Unaccounted,co2,2001,-0.46878676933154184
AFOLU,Forest land - Unaccounted,co2,2002,-0.46878676933154184
AFOLU,Forest land - Unaccounted,co2,2003,-0.46878676933154184
AFOLU,Forest land - Unaccounted,co2,2004,-0.46878676933154184
AFOLU,Forest land - Unaccounted,co2,2005,-0.46878676933154184
AFOLU,Forest land - Unaccounted,co2,2006,-0.46878676933154184
AFOLU,Forest land - Unaccounted,co2,2007,-0.46878676933154184
AFOLU,Forest land - Unaccounted,co2,2008,-0.46878676933154184
AFOLU,Forest land - Unaccounted,co2,2009,-0.46878676933154184
AFOLU,Forest land - Unaccounted,co2,2010,-0.46878676933154184
AFOLU,Forest land - Unaccounted,co2,2011,-0.46878676933154184
AFOLU,Forest land - Unaccounted,co2,2012,-0.46878676933154184
AFOLU,Forest land - Unaccounted,co2,2013,-0.46878676933154184
AFOLU,Forest land - Unaccounted,co2,2014,-0.46878676933154184
AFOLU,Forest land - Unaccounted,co2,2015,-0.46878676933154184
AFOLU,Forest land - Unaccounted,co2,2016,-0.5326738115129547
AFOLU,Forest land - Unaccounted,co2,2017,-0.831246418816745
AFOLU,Managed Soils,n2o,1995,3.1395
AFOLU,Managed Soils,n2o,1996,3.17772
AFOLU,Managed Soils,n2o,1997,3.21594
AFOLU,Managed Soils,n2o,1998,3.25416
AFOLU,Managed Soils,n2o,1999,3.29238
AFOLU,Managed Soils,n2o,2000,3.3306
AFOLU,Managed Soils,n2o,2001,3.42342
AFOLU,Managed Soils,n2o,2002,3.51624
AFOLU,Managed Soils,n2o,2003,3.60906
AFOLU,Managed Soils,n2o,2004,3.70188
AFOLU,Managed Soils,n2o,2005,3.7947
AFOLU,Managed Soils,n2o,2006,4.02402
AFOLU,Managed Soils,n2o,2007,4.25334
AFOLU,Managed Soils,n2o,2008,4.48266
AFOLU,Managed Soils,n2o,2009,4.71198
AFOLU,Managed Soils,n2o,2010,4.9413
AFOLU,Managed Soils,n2o,2011,5.05596
AFOLU,Managed Soils,n2o,2012,5.17062
AFOLU,Managed Soils,n2o,2013,5.28528
AFOLU,Managed Soils,n2o,2014,5.39994
AFOLU,Managed Soils,n2o,2015,5.5146
AFOLU,Managed Soils,n2o,2016,5.5965
AFOLU,Managed Soils,n2o,2017,5.6784
AFOLU,Other Lands,ch4,1995,0.8587
AFOLU,Other Lands,ch4,1996,0.8587
AFOLU,Other Lands,ch4,1997,0.8587
AFOLU,Other Lands,ch4,1998,0.8587
AFOLU,Other Lands,ch4,1999,0.8587
AFOLU,Other Lands,ch4,2000,0.8587
AFOLU,Other Lands,ch4,2001,0.86978
AFOLU,Other Lands,ch4,2002,0.88086
AFOLU,Other Lands,ch4,2003,0.89194
AFOLU,Other Lands,ch4,2004,0.90302
AFOLU,Other Lands,ch4,2005,0.9141
AFOLU,Other Lands,ch4,2006,0.82546
AFOLU,Other Lands,ch4,2007,0.73682
AFOLU,Other Lands,ch4,2008,0.64818
AFOLU,Other Lands,ch4,2009,0.55954
AFOLU,Other Lands,ch4,2010,0.4709
AFOLU,Other Lands,ch4,2011,0.4432
AFOLU,Other Lands,ch4,2012,0.4155
AFOLU,Other Lands,ch4,2013,0.3878
AFOLU,Other Lands,ch4,2014,0.3601
AFOLU,Other Lands,ch4,2015,0.3324
AFOLU,Other Lands,ch4,2016,0.3601
AFOLU,Other Lands,ch4,2017,0.3878
AFOLU,Other Lands,n2o,1995,0.819
AFOLU,Other Lands,n2o,1996,0.819
AFOLU,Other Lands,n2o,1997,0.819
AFOLU,Other Lands,n2o,1998,0.819
AFOLU,Other Lands,n2o,1999,0.819
AFOLU,Other Lands,n2o,2000,0.819
AFOLU,Other Lands,n2o,2001,0.819
AFOLU,Other Lands,n2o,2002,0.819
AFOLU,Other Lands,n2o,2003,0.819
AFOLU,Other Lands,n2o,2004,0.819
AFOLU,Other Lands,n2o,2005,0.819
AFOLU,Other Lands,n2o,2006,0.7644
AFOLU,Other Lands,n2o,2007,0.7098
AFOLU,Other Lands,n2o,2008,0.6552
AFOLU,Other Lands,n2o,2009,0.6006
AFOLU,Other Lands,n2o,2010,0.546
AFOLU,Other Lands,n2o,2011,0.4914
AFOLU,Other Lands,n2o,2012,0.4368
AFOLU,Other Lands,n2o,2013,0.3822
AFOLU,Other Lands,n2o,2014,0.3276
AFOLU,Other Lands,n2o,2015,0.273
AFOLU,Other Lands,n2o,2016,0.273
AFOLU,Other Lands,n2o,2017,0.273
AFOLU,Other Lands - Unaccounted,ch4,1995,1.7836815510437185
AFOLU,Other Lands - Unaccounted,ch4,1996,1.7836815510437185
AFOLU,Other Lands - Unaccounted,ch4,1997,1.7836815510437185
AFOLU,Other Lands - Unaccounted,ch4,1998,1.7836815510437185
AFOLU,Other Lands - Unaccounted,ch4,1999,1.7836815510437185
AFOLU,Other Lands - Unaccounted,ch4,2000,1.7836815510437185
AFOLU,Other Lands - Unaccounted,ch4,2001,1.7836815510437185
AFOLU,Other Lands - Unaccounted,ch4,2002,1.7836815510437185
AFOLU,Other Lands - Unaccounted,ch4,2003,1.7836815510437185
AFOLU,Other Lands - Unaccounted,ch4,2004,1.7836815510437185
AFOLU,Other Lands - Unaccounted,ch4,2005,1.7836815510437185
AFOLU,Other Lands - Unaccounted,ch4,2006,1.7836815510437185
AFOLU,Other Lands - Unaccounted,ch4,2007,1.7836815510437185
AFOLU,Other Lands - Unaccounted,ch4,2008,1.7836815510437185
AFOLU,Other Lands - Unaccounted,ch4,2009,1.7836815510437185
AFOLU,Other Lands - Unaccounted,ch4,2010,1.7836815510437185
AFOLU,Other Lands - Unaccounted,ch4,2011,1.7836815510437185
AFOLU,Other Lands - Unaccounted,ch4,2012,1.7836815510437185
AFOLU,Other Lands - Unaccounted,ch4,2013,1.7836815510437185
AFOLU,Other Lands - Unaccounted,ch4,2014,1.7836815510437185
AFOLU,Other Lands - Unaccounted,ch4,2015,1.7836815510437185
AFOLU,Other Lands - Unaccounted,ch4,2016,1.9216754312847817
AFOLU,Other Lands - Unaccounted,ch4,2017,2.1074111238157327
AFOLU,Other Lands - Unaccounted,co2,1995,6.8293897366623835
AFOLU,Other Lands - Unaccounted,co2,1996,6.8293897366623835
AFOLU,Other Lands - Unaccounted,co2,1997,6.8293897366623835
AFOLU,Other Lands - Unaccounted,co2,1998,6.8293897366623835
AFOLU,Other Lands - Unaccounted,co2,1999,6.8293897366623835
AFOLU,Other Lands - Unaccounted,co2,2000,6.8293897366623835
AFOLU,Other Lands - Unaccounted,co2,2001,6.8293897366623835
AFOLU,Other Lands - Unaccounted,co2,2002,6.8293897366623835
AFOLU,Other Lands - Unaccounted,co2,2003,6.8293897366623835
AFOLU,Other Lands - Unaccounted,co2,2004,6.8293897366623835
AFOLU,Other Lands - Unaccounted,co2,2005,6.8293897366623835
AFOLU,Other Lands - Unaccounted,co2,2006,6.8293897366623835
AFOLU,Other Lands - Unaccounted,co2,2007,6.8293897366623835
AFOLU,Other Lands - Unaccounted,co2,2008,6.8293897366623835
AFOLU,Other Lands - Unaccounted,co2,2009,6.8293897366623835
AFOLU,Other Lands - Unaccounted,co2,2010,6.8293897366623835
AFOLU,Other Lands - Unaccounted,co2,2011,6.8293897366623835
AFOLU,Other Lands - Unaccounted,co2,2012,6.8293897366623835
AFOLU,Other Lands - Unaccounted,co2,2013,6.8293897366623835
AFOLU,Other Lands - Unaccounted,co2,2014,6.8293897366623835
AFOLU,Other Lands - Unaccounted,co2,2015,6.8293897366623835
AFOLU,Other Lands - Unaccounted,co2,2016,12.285770939647774
AFOLU,Other Lands - Unaccounted,co2,2017,23.545837897806823
AFOLU,Other Lands - Unaccounted,n2o,1995,0.7798659541261856
AFOLU,Other Lands - Unaccounted,n2o,1996,0.7798659541261856
AFOLU,Other Lands - Unaccounted,n2o,1997,0.7798659541261856
AFOLU,Other Lands - Unaccounted,n2o,1998,0.7798659541261856
AFOLU,Other Lands - Unaccounted,n2o,1999,0.7798659541261856
AFOLU,Other Lands - Unaccounted,n2o,2000,0.7798659541261856
AFOLU,Other Lands - Unaccounted,n2o,2001,0.7798659541261856
AFOLU,Other Lands - Unaccounted,n2o,2002,0.7798659541261856
AFOLU,Other Lands - Unaccounted,n2o,2003,0.7798659541261856
AFOLU,Other Lands - Unaccounted,n2o,2004,0.7798659541261856
AFOLU,Other Lands - Unaccounted,n2o,2005,0.7798659541261856
AFOLU,Other Lands - Unaccounted,n2o,2006,0.7798659541261856
AFOLU,Other Lands - Unaccounted,n2o,2007,0.7798659541261856
AFOLU,Other Lands - Unaccounted,n2o,2008,0.7798659541261856
AFOLU,Other Lands - Unaccounted,n2o,2009,0.7798659541261856
AFOLU,Other Lands - Unaccounted,n2o,2010,0.7798659541261856
AFOLU,Other Lands - Unaccounted,n2o,2011,0.7798659541261856
AFOLU,Other Lands - Unaccounted,n2o,2012,0.7798659541261856
AFOLU,Other Lands - Unaccounted,n2o,2013,0.7798659541261856
AFOLU,Other Lands - Unaccounted,n2o,2014,0.7798659541261856
AFOLU,Other Lands - Unaccounted,n2o,2015,0.7798659541261856
AFOLU,Other Lands - Unaccounted,n2o,2016,0.7955586237655353
AFOLU,Other Lands - Unaccounted,n2o,2017,0.8401507618083841
Energy,Buildings (Stationary Combustion),ch4,1995,1.472755548509829
Energy,Buildings (Stationary Combustion),ch4,1996,1.5387637285986049
Energy,Buildings (Stationary Combustion),ch4,1997,1.6047719086873813
Energy,Buildings (Stationary Combustion),ch4,1998,1.6707800887761572
Energy,Buildings (Stationary Combustion),ch4,1999,1.7367882688649334
Energy,Buildings (Stationary Combustion),ch4,2000,1.8027964489537094
Energy,Buildings (Stationary Combustion),ch4,2001,1.881701965757768
Energy,Buildings (Stationary Combustion),ch4,2002,1.9606074825618265
Energy,Buildings (Stationary Combustion),ch4,2003,2.0395129993658845
Energy,Buildings (Stationary Combustion),ch4,2004,2.118418516169943
Energy,Buildings (Stationary Combustion),ch4,2005,2.1973240329740014
Energy,Buildings (Stationary Combustion),ch4,2006,2.29285986049461
Energy,Buildings (Stationary Combustion),ch4,2007,2.388395688015219
Energy,Buildings (Stationary Combustion),ch4,2008,2.4839315155358275
Energy,Buildings (Stationary Combustion),ch4,2009,2.5794673430564363
Energy,Buildings (Stationary Combustion),ch4,2010,2.675003170577045
Energy,Buildings (Stationary Combustion),ch4,2011,2.7374552948636652
Energy,Buildings (Stationary Combustion),ch4,2012,2.7999074191502853
Energy,Buildings (Stationary Combustion),ch4,2013,2.8623595434369054
Energy,Buildings (Stationary Combustion),ch4,2014,2.924811667723526
Energy,Buildings (Stationary Combustion),ch4,2015,2.9872637920101455
Energy,Buildings (Stationary Combustion),ch4,2016,2.9579572923272033
Energy,Buildings (Stationary Combustion),ch4,2017,2.928650792644261
Energy,Buildings (Stationary Combustion),co2,1995,0.0
Energy,Buildings (Stationary Combustion),co2,1996,0.0
Energy,Buildings (Stationary Combustion),co2,1997,0.0
Energy,Buildings (Stationary Combustion),co2,1998,0.0
Energy,Buildings (Stationary Combustion),co2,1999,0.0
Energy,Buildings (Stationary Combustion),co2,2000,0.0
Energy,Buildings (Stationary Combustion),co2,2001,0.0
Energy,Buildings (Stationary Combustion),co2,2002,0.0
Energy,Buildings (Stationary Combustion),co2,2003,0.0
Energy,Buildings (Stationary Combustion),co2,2004,0.0
Energy,Buildings (Stationary Combustion),co2,2005,0.0
Energy,Buildings (Stationary Combustion),co2,2006,0.0
Energy,Buildings (Stationary Combustion),co2,2007,0.0
Energy,Buildings (Stationary Combustion),co2,2008,0.0
Energy,Buildings (Stationary Combustion),co2,2009,0.0
Energy,Buildings (Stationary Combustion),co2,2010,0.0
Energy,Buildings (Stationary Combustion),co2,2011,0.0
Energy,Buildings (Stationary Combustion),co2,2012,0.0
Energy,Buildings (Stationary Combustion),co2,2013,0.0
Energy,Buildings (Stationary Combustion),co2,2014,0.0
Energy,Buildings (Stationary Combustion),co2,2015,0.0
Energy,Buildings (Stationary Combustion),co2,2016,0.0
Energy,Buildings (Stationary Combustion),co2,2017,0.0
Energy,Buildings (Stationary Combustion),n2o,1995,0.1921444514901712
Energy,Buildings (Stationary Combustion),n2o,1996,0.20075627140139501
Energy,Buildings (Stationary Combustion),n2o,1997,0.20936809131261888
Energy,Buildings (Stationary Combustion),n2o,1998,0.21797991122384272
Energy,Buildings (Stationary Combustion),n2o,1999,0.22659173113506653
Energy,Buildings (Stationary Combustion),n2o,2000,0.23520355104629037
Energy,Buildings (Stationary Combustion),n2o,2001,0.24549803424223207
Energy,Buildings (Stationary Combustion),n2o,2002,0.2557925174381737
Energy,Buildings (Stationary Combustion),n2o,2003,0.2660870006341154
Energy,Buildings (Stationary Combustion),n2o,2004,0.27638148383005706
Energy,Buildings (Stationary Combustion),n2o,2005,0.2866759670259987
Energy,Buildings (Stationary Combustion),n2o,2006,0.2991401395053899
Energy,Buildings (Stationary Combustion),n2o,2007,0.3116043119847812
Energy,Buildings (Stationary Combustion),n2o,2008,0.3240684844641724
Energy,Buildings (Stationary Combustion),n2o,2009,0.33653265694356366
Energy,Buildings (Stationary Combustion),n2o,2010,0.34899682942295496
Energy,Buildings (Stationary Combustion),n2o,2011,0.35714470513633473
Energy,Buildings (Stationary Combustion),n2o,2012,0.3652925808497146
Energy,Buildings (Stationary Combustion),n2o,2013,0.3734404565630944
Energy,Buildings (Stationary Combustion),n2o,2014,0.38158833227647426
Energy,Buildings (Stationary Combustion),n2o,2015,0.3897362079898541
Energy,Buildings (Stationary Combustion),n2o,2016,0.38591270767279645
Energy,Buildings (Stationary Combustion),n2o,2017,0.38208920735573876
Energy,Energy Industries,ch4,1995,0.0544305
Energy,Energy Industries,ch4,1996,0.05690965
Energy,Energy Industries,ch4,1997,0.0593888
Energy,Energy Industries,ch4,1998,0.0682251
Energy,Energy Industries,ch4,1999,0.0770614
Energy,Energy Industries,ch4,2000,0.0829338
Energy,Energy Industries,ch4,2001,0.0888062
Energy,Energy Industries,ch4,2002,0.0888062
Energy,Energy Industries,ch4,2003,0.0888062
Energy,Energy Industries,ch4,2004,0.108307
Energy,Energy Industries,ch4,2005,0.1278078
Energy,Energy Industries,ch4,2006,0.1341234
Energy,Energy Industries,ch4,2007,0.140439
Energy,Energy Industries,ch4,2008,0.14693465
Energy,Energy Industries,ch4,2009,0.1534303
Energy,Energy Industries,ch4,2010,0.1566158
Energy,Energy Industries,ch4,2011,0.1598013
Energy,Energy Industries,ch4,2012,0.1791359
Energy,Energy Industries,ch4,2013,0.1984705
Energy,Energy Industries,ch4,2014,0.32845275
Energy,Energy Industries,ch4,2015,0.458435
Energy,Energy Industries,ch4,2016,0.382814
Energy,Energy Industries,ch4,2017,0.307193
Energy,Energy Industries,co2,1995,0.000828
Energy,Energy Industries,co2,1996,0.0008655
Energy,Energy Industries,co2,1997,0.000903
Energy,Energy Industries,co2,1998,0.000941
Energy,Energy Industries,co2,1999,0.000979
Energy,Energy Industries,co2,2000,0.0010165
Energy,Energy Industries,co2,2001,0.001054
Energy,Energy Industries,co2,2002,0.001054
Energy,Energy Industries,co2,2003,0.001054
Energy,Energy Industries,co2,2004,0.0009785
Energy,Energy Industries,co2,2005,0.000903
Energy,Energy Industries,co2,2006,0.0860965
Energy,Energy Industries,co2,2007,0.17129
Energy,Energy Industries,co2,2008,0.20364
Energy,Energy Industries,co2,2009,0.23599
Energy,Energy Industries,co2,2010,0.256895
Energy,Energy Industries,co2,2011,0.2778
Energy,Energy Industries,co2,2012,0.1392485
Energy,Energy Industries,co2,2013,0.000697
Energy,Energy Industries,co2,2014,0.0218285
Energy,Energy Industries,co2,2015,0.04296
Energy,Energy Industries,co2,2016,0.08288
Energy,Energy Industries,co2,2017,0.1228
Energy,Energy Industries,n2o,1995,0.01092
Energy,Energy Industries,n2o,1996,0.011466
Energy,Energy Industries,n2o,1997,0.012012
Energy,Energy Industries,n2o,1998,0.0137865
Energy,Energy Industries,n2o,1999,0.015561
Energy,Energy Industries,n2o,2000,0.016653
Energy,Energy Industries,n2o,2001,0.017745
Energy,Energy Industries,n2o,2002,0.017745
Energy,Energy Industries,n2o,2003,0.017745
Energy,Energy Industries,n2o,2004,0.0217035
Energy,Energy Industries,n2o,2005,0.025662
Energy,Energy Industries,n2o,2006,0.0268905
Energy,Energy Industries,n2o,2007,0.028119
Energy,Energy Industries,n2o,2008,0.0293475
Energy,Energy Industries,n2o,2009,0.030576
Energy,Energy Industries,n2o,2010,0.0312585
Energy,Energy Industries,n2o,2011,0.031941
Energy,Energy Industries,n2o,2012,0.035763
Energy,Energy Industries,n2o,2013,0.039585
Energy,Energy Industries,n2o,2014,0.065247
Energy,Energy Industries,n2o,2015,0.090909
Energy,Energy Industries,n2o,2016,0.0760305
Energy,Energy Industries,n2o,2017,0.061152
Energy,Fugitive Emissions,ch4,1995,0.0033099185507437625
Energy,Fugitive Emissions,ch4,1996,0.0033099185507437625
Energy,Fugitive Emissions,ch4,1997,0.0033099185507437625
Energy,Fugitive Emissions,ch4,1998,0.0033099185507437625
Energy,Fugitive Emissions,ch4,1999,0.0033099185507437625
Energy,Fugitive Emissions,ch4,2000,0.0033099185507437625
Energy,Fugitive Emissions,ch4,2001,0.0033099185507437625
Energy,Fugitive Emissions,ch4,2002,0.0033099185507437625
Energy,Fugitive Emissions,ch4,2003,0.0033099185507437625
Energy,Fugitive Emissions,ch4,2004,0.0033099185507437625
Energy,Fugitive Emissions,ch4,2005,0.0033099185507437625
Energy,Fugitive Emissions,ch4,2006,0.0033099185507437625
Energy,Fugitive Emissions,ch4,2007,0.0033099185507437625
Energy,Fugitive Emissions,ch4,2008,0.0033099185507437625
Energy,Fugitive Emissions,ch4,2009,0.0033099185507437625
Energy,Fugitive Emissions,ch4,2010,0.0033099185507437625
Energy,Fugitive Emissions,ch4,2011,0.0033099185507437625
Energy,Fugitive Emissions,ch4,2012,0.0033099185507437625
Energy,Fugitive Emissions,ch4,2013,0.0033099185507437625
Energy,Fugitive Emissions,ch4,2014,0.0033099185507437625
Energy,Fugitive Emissions,ch4,2015,0.0033099185507437625
Energy,Fugitive Emissions,ch4,2016,0.0036914379020672908
Energy,Fugitive Emissions,ch4,2017,0.004239128447249821
Energy,Fugitive Emissions,co2,1995,1.2473241778909339e-06
Energy,Fugitive Emissions,co2,1996,1.2473241778909339e-06
Energy,Fugitive Emissions,co2,1997,1.2473241778909339e-06
Energy,Fugitive Emissions,co2,1998,1.2473241778909339e-06
Energy,Fugitive Emissions,co2,1999,1.2473241778909339e-06
Energy,Fugitive Emissions,co2,2000,1.2473241778909339e-06
Energy,Fugitive Emissions,co2,2001,1.2473241778909339e-06
Energy,Fugitive Emissions,co2,2002,1.2473241778909339e-06
Energy,Fugitive Emissions,co2,2003,1.2473241778909339e-06
Energy,Fugitive Emissions,co2,2004,1.2473241778909339e-06
Energy,Fugitive Emissions,co2,2005,1.2473241778909339e-06
Energy,Fugitive Emissions,co2,2006,1.2473241778909339e-06
Energy,Fugitive Emissions,co2,2007,1.2473241778909339e-06
Energy,Fugitive Emissions,co2,2008,1.2473241778909339e-06
Energy,Fugitive Emissions,co2,2009,1.2473241778909339e-06
Energy,Fugitive Emissions,co2,2010,1.2473241778909339e-06
Energy,Fugitive Emissions,co2,2011,1.2473241778909339e-06
Energy,Fugitive Emissions,co2,2012,1.2473241778909339e-06
Energy,Fugitive Emissions,co2,2013,1.2473241778909339e-06
Energy,Fugitive Emissions,co2,2014,1.2473241778909339e-06
Energy,Fugitive Emissions,co2,2015,1.2473241778909339e-06
Energy,Fugitive Emissions,co2,2016,1.3874290928076304e-06
Energy,Fugitive Emissions,co2,2017,1.5802686784204714e-06
Energy,Fugitive Emissions,n2o,1995,0.0
Energy,Fugitive Emissions,n2o,1996,0.0
Energy,Fugitive Emissions,n2o,1997,0.0
Energy,Fugitive Emissions,n2o,1998,0.0
Energy,Fugitive Emissions,n2o,1999,0.0
Energy,Fugitive Emissions,n2o,2000,0.0
Energy,Fugitive Emissions,n2o,2001,0.0
Energy,Fugitive Emissions,n2o,2002,0.0
Energy,Fugitive Emissions,n2o,2003,0.0
Energy,Fugitive Emissions,n2o,2004,0.0
Energy,Fugitive Emissions,n2o,2005,0.0
Energy,Fugitive Emissions,n2o,2006,0.0
Energy,Fugitive Emissions,n2o,2007,0.0
Energy,Fugitive Emissions,n2o,2008,0.0
Energy,Fugitive Emissions,n2o,2009,0.0
Energy,Fugitive Emissions,n2o,2010,0.0
Energy,Fugitive Emissions,n2o,2011,0.0
Energy,Fugitive Emissions,n2o,2012,0.0
Energy,Fugitive Emissions,n2o,2013,0.0
Energy,Fugitive Emissions,n2o,2014,0.0
Energy,Fugitive Emissions,n2o,2015,0.0
Energy,Fugitive Emissions,n2o,2016,0.0
Energy,Fugitive Emissions,n2o,2017,0.0
Energy,Manufacturing Industries and Construction,ch4,1995,0.011634
Energy,Manufacturing Industries and Construction,ch4,1996,0.012188
Energy,Manufacturing Industries and Construction,ch4,1997,0.012742
Energy,Manufacturing Industries and Construction,ch4,1998,0.0128805
Energy,Manufacturing Industries and Construction,ch4,1999,0.013019
Energy,Manufacturing Industries and Construction,ch4,2000,0.024653
Energy,Manufacturing Industries and Construction,ch4,2001,0.036287
Energy,Manufacturing Industries and Construction,ch4,2002,0.036287
Energy,Manufacturing Industries and Construction,ch4,2003,0.036287
Energy,Manufacturing Industries and Construction,ch4,2004,0.0325475
Energy,Manufacturing Industries and Construction,ch4,2005,0.028808
Energy,Manufacturing Industries and Construction,ch4,2006,0.030747
Energy,Manufacturing Industries and Construction,ch4,2007,0.032686
Energy,Manufacturing Industries and Construction,ch4,2008,0.035179
Energy,Manufacturing Industries and Construction,ch4,2009,0.037672
Energy,Manufacturing Industries and Construction,ch4,2010,0.039611
Energy,Manufacturing Industries and Construction,ch4,2011,0.04155
Energy,Manufacturing Industries and Construction,ch4,2012,0.059832
Energy,Manufacturing Industries and Construction,ch4,2013,0.078114
Energy,Manufacturing Industries and Construction,ch4,2014,0.078114
Energy,Manufacturing Industries and Construction,ch4,2015,0.078114
Energy,Manufacturing Industries and Construction,ch4,2016,0.067588
Energy,Manufacturing Industries and Construction,ch4,2017,0.057062
Energy,Manufacturing Industries and Construction,co2,1995,0.1507
Energy,Manufacturing Industries and Construction,co2,1996,0.16815
Energy,Manufacturing Industries and Construction,co2,1997,0.1856
Energy,Manufacturing Industries and Construction,co2,1998,0.17805
Energy,Manufacturing Industries and Construction,co2,1999,0.1705
Energy,Manufacturing Industries and Construction,co2,2000,0.15935
Energy,Manufacturing Industries and Construction,co2,2001,0.1482
Energy,Manufacturing Industries and Construction,co2,2002,0.16705
Energy,Manufacturing Industries and Construction,co2,2003,0.1859
Energy,Manufacturing Industries and Construction,co2,2004,0.2501
Energy,Manufacturing Industries and Construction,co2,2005,0.3143
Energy,Manufacturing Industries and Construction,co2,2006,0.2564
Energy,Manufacturing Industries and Construction,co2,2007,0.1985
Energy,Manufacturing Industries and Construction,co2,2008,0.4309
Energy,Manufacturing Industries and Construction,co2,2009,0.6633
Energy,Manufacturing Industries and Construction,co2,2010,0.45385
Energy,Manufacturing Industries and Construction,co2,2011,0.2444
Energy,Manufacturing Industries and Construction,co2,2012,0.41155
Energy,Manufacturing Industries and Construction,co2,2013,0.5787
Energy,Manufacturing Industries and Construction,co2,2014,0.5787
Energy,Manufacturing Industries and Construction,co2,2015,0.5787
Energy,Manufacturing Industries and Construction,co2,2016,0.84025
Energy,Manufacturing Industries and Construction,co2,2017,1.1018
Energy,Manufacturing Industries and Construction,n2o,1995,0.01638
Energy,Manufacturing Industries and Construction,n2o,1996,0.01638
Energy,Manufacturing Industries and Construction,n2o,1997,0.01638
Energy,Manufacturing Industries and Construction,n2o,1998,0.01638
Energy,Manufacturing Industries and Construction,n2o,1999,0.01638
Energy,Manufacturing Industries and Construction,n2o,2000,0.03276
Energy,Manufacturing Industries and Construction,n2o,2001,0.04914
Energy,Manufacturing Industries and Construction,n2o,2002,0.04914
Energy,Manufacturing Industries and Construction,n2o,2003,0.04914
Energy,Manufacturing Industries and Construction,n2o,2004,0.04368
Energy,Manufacturing Industries and Construction,n2o,2005,0.03822
Energy,Manufacturing Industries and Construction,n2o,2006,0.04095
Energy,Manufacturing Industries and Construction,n2o,2007,0.04368
Energy,Manufacturing Industries and Construction,n2o,2008,0.04641
Energy,Manufacturing Industries and Construction,n2o,2009,0.04914
Energy,Manufacturing Industries and Construction,n2o,2010,0.04641
Energy,Manufacturing Industries and Construction,n2o,2011,0.04368
Energy,Manufacturing Industries and Construction,n2o,2012,0.07371
Energy,Manufacturing Industries and Construction,n2o,2013,0.10374
Energy,Manufacturing Industries and Construction,n2o,2014,0.10374
Energy,Manufacturing Industries and Construction,n2o,2015,0.10374
Energy,Manufacturing Industries and Construction,n2o,2016,0.09009
Energy,Manufacturing Industries and Construction,n2o,2017,0.07644
Energy,Transport,ch4,1995,0.0051522
Energy,Transport,ch4,1996,0.0053184
Energy,Transport,ch4,1997,0.0054846
Energy,Transport,ch4,1998,0.0060109
Energy,Transport,ch4,1999,0.0065372
Energy,Transport,ch4,2000,0.0064818
Energy,Transport,ch4,2001,0.0064264
Energy,Transport,ch4,2002,0.00652335
Energy,Transport,ch4,2003,0.0066203
Energy,Transport,ch4,2004,0.00630175
Energy,Transport,ch4,2005,0.0059832
Energy,Transport,ch4,2006,0.0064264
Energy,Transport,ch4,2007,0.0068696
Energy,Transport,ch4,2008,0.00854545
Energy,Transport,ch4,2009,0.0102213
Energy,Transport,ch4,2010,0.01142625
Energy,Transport,ch4,2011,0.0126312
Energy,Transport,ch4,2012,0.01422395
Energy,Transport,ch4,2013,0.0158167
Energy,Transport,ch4,2014,0.01757565
Energy,Transport,ch4,2015,0.0193346
Energy,Transport,ch4,2016,0.02120435
Energy,Transport,ch4,2017,0.0230741
Energy,Transport,co2,1995,0.5888
Energy,Transport,co2,1996,0.6053
Energy,Transport,co2,1997,0.6218
Energy,Transport,co2,1998,0.72645
Energy,Transport,co2,1999,0.8311
Energy,Transport,co2,2000,0.83615
Energy,Transport,co2,2001,0.8412
Energy,Transport,co2,2002,0.8486
Energy,Transport,co2,2003,0.856
Energy,Transport,co2,2004,0.9076
Energy,Transport,co2,2005,0.9592
Energy,Transport,co2,2006,1.10755
Energy,Transport,co2,2007,1.2559
Energy,Transport,co2,2008,1.4651
Energy,Transport,co2,2009,1.6743
Energy,Transport,co2,2010,1.83695
Energy,Transport,co2,2011,1.9996
Energy,Transport,co2,2012,2.06245
Energy,Transport,co2,2013,2.1253
Energy,Transport,co2,2014,2.255
Energy,Transport,co2,2015,2.3847
Energy,Transport,co2,2016,2.7441
Energy,Transport,co2,2017,3.1035
Energy,Transport,n2o,1995,0.007917
Energy,Transport,n2o,1996,0.0080535
Energy,Transport,n2o,1997,0.00819
Energy,Transport,n2o,1998,0.0096915
Energy,Transport,n2o,1999,0.011193
Energy,Transport,n2o,2000,0.011193
Energy,Transport,n2o,2001,0.011193
Energy,Transport,n2o,2002,0.0113295
Energy,Transport,n2o,2003,0.011466
Energy,Transport,n2o,2004,0.012285
Energy,Transport,n2o,2005,0.013104
Energy,Transport,n2o,2006,0.0151515
Energy,Transport,n2o,2007,0.017199
Energy,Transport,n2o,2008,0.0200655
Energy,Transport,n2o,2009,0.022932
Energy,Transport,n2o,2010,0.025116
Energy,Transport,n2o,2011,0.0273
Energy,Transport,n2o,2012,0.0279825
Energy,Transport,n2o,2013,0.028665
Energy,Transport,n2o,2014,0.0326235
Energy,Transport,n2o,2015,0.036582
Energy,Transport,n2o,2016,0.0391755
Energy,Transport,n2o,2017,0.041769
IPPU,IPPU,co2,1995,0.120001
IPPU,IPPU,co2,1996,0.125121
IPPU,IPPU,co2,1997,0.130241
IPPU,IPPU,co2,1998,0.13536099999999998
IPPU,IPPU,co2,1999,0.140481
IPPU,IPPU,co2,2000,0.145601
IPPU,IPPU,co2,2001,0.1569814
IPPU,IPPU,co2,2002,0.16836179999999998
IPPU,IPPU,co2,2003,0.1797422
IPPU,IPPU,co2,2004,0.1911226
IPPU,IPPU,co2,2005,0.202503
IPPU,IPPU,co2,2006,0.2166834
IPPU,IPPU,co2,2007,0.2308638
IPPU,IPPU,co2,2008,0.2450442
IPPU,IPPU,co2,2009,0.25922459999999997
IPPU,IPPU,co2,2010,0.273405
IPPU,IPPU,co2,2011,0.2897658
IPPU,IPPU,co2,2012,0.30612659999999997
IPPU,IPPU,co2,2013,0.3224874
IPPU,IPPU,co2,2014,0.3388482
IPPU,IPPU,co2,2015,0.355209
IPPU,IPPU,co2,2016,0.3524605
IPPU,IPPU,co2,2017,0.34971199999999997
IPPU,IPPU,hfcs,1995,0.0
IPPU,IPPU,hfcs,1996,0.0
IPPU,IPPU,hfcs,1997,0.0
IPPU,IPPU,hfcs,1998,0.0
IPPU,IPPU,hfcs,1999,0.0
IPPU,IPPU,hfcs,2000,0.0
IPPU,IPPU,hfcs,2001,0.0
IPPU,IPPU,hfcs,2002,0.0
IPPU,IPPU,hfcs,2003,0.0
IPPU,IPPU,hfcs,2004,0.0
IPPU,IPPU,hfcs,2005,0.0
IPPU,IPPU,hfcs,2006,0.0
IPPU,IPPU,hfcs,2007,0.0
IPPU,IPPU,hfcs,2008,0.0
IPPU,IPPU,hfcs,2009,0.0
IPPU,IPPU,hfcs,2010,0.0
IPPU,IPPU,hfcs,2011,0.0
IPPU,IPPU,hfcs,2012,0.0
IPPU,IPPU,hfcs,2013,0.0
IPPU,IPPU,hfcs,2014,0.0
IPPU,IPPU,hfcs,2015,0.0
IPPU,IPPU,hfcs,2016,0.0
IPPU,IPPU,hfcs,2017,0.0
IPPU,IPPU,n2o,1995,0.5414844491296148
IPPU,IPPU,n2o,1996,0.5414844491296148
IPPU,IPPU,n2o,1997,0.5414844491296148
IPPU,IPPU,n2o,1998,0.5414844491296148
IPPU,IPPU,n2o,1999,0.5414844491296148
IPPU,IPPU,n2o,2000,0.5414844491296148
IPPU,IPPU,n2o,2001,0.5414844491296148
IPPU,IPPU,n2o,2002,0.5414844491296148
IPPU,IPPU,n2o,2003,0.5414844491296148
IPPU,IPPU,n2o,2004,0.5414844491296148
IPPU,IPPU,n2o,2005,0.5414844491296148
IPPU,IPPU,n2o,2006,0.5414844491296148
IPPU,IPPU,n2o,2007,0.5414844491296148
IPPU,IPPU,n2o,2008,0.5414844491296148
IPPU,IPPU,n2o,2009,0.5414844491296148
IPPU,IPPU,n2o,2010,0.5414844491296148
IPPU,IPPU,n2o,2011,0.5414844491296148
IPPU,IPPU,n2o,2012,0.5414844491296148
IPPU,IPPU,n2o,2013,0.5414844491296148
IPPU,IPPU,n2o,2014,0.5414844491296148
IPPU,IPPU,n2o,2015,0.5414844491296148
IPPU,IPPU,n2o,2016,0.4146187113837295
IPPU,IPPU,n2o,2017,0.31889366236333216
IPPU,IPPU,nf3,1995,0.0
IPPU,IPPU,nf3,1996,0.0
IPPU,IPPU,nf3,1997,0.0
IPPU,IPPU,nf3,1998,0.0
IPPU,IPPU,nf3,1999,0.0
IPPU,IPPU,nf3,2000,0.0
IPPU,IPPU,nf3,2001,0.0
IPPU,IPPU,nf3,2002,0.0
IPPU,IPPU,nf3,2003,0.0
IPPU,IPPU,nf3,2004,0.0
IPPU,IPPU,nf3,2005,0.0
IPPU,IPPU,nf3,2006,0.0
IPPU,IPPU,nf3,2007,0.0
IPPU,IPPU,nf3,2008,0.0
IPPU,IPPU,nf3,2009,0.0
IPPU,IPPU,nf3,2010,0.0
IPPU,IPPU,nf3,2011,0.0
IPPU,IPPU,nf3,2012,0.0
IPPU,IPPU,nf3,2013,0.0
IPPU,IPPU,nf3,2014,0.0
IPPU,IPPU,nf3,2015,0.0
IPPU,IPPU,nf3,2016,0.0
IPPU,IPPU,nf3,2017,0.0
IPPU,IPPU,other_fcs,1995,2.807454739568e-05
IPPU,IPPU,other_fcs,1996,2.807454739568e-05
IPPU,IPPU,other_fcs,1997,2.807454739568e-05
IPPU,IPPU,other_fcs,1998,2.807454739568e-05
IPPU,IPPU,other_fcs,1999,2.807454739568e-05
IPPU,IPPU,other_fcs,2000,2.807454739568e-05
IPPU,IPPU,other_fcs,2001,2.807454739568e-05
IPPU,IPPU,other_fcs,2002,2.807454739568e-05
IPPU,IPPU,other_fcs,2003,2.807454739568e-05
IPPU,IPPU,other_fcs,2004,2.807454739568e-05
IPPU,IPPU,other_fcs,2005,2.807454739568e-05
IPPU,IPPU,other_fcs,2006,2.807454739568e-05
IPPU,IPPU,other_fcs,2007,2.807454739568e-05
IPPU,IPPU,other_fcs,2008,2.807454739568e-05
IPPU,IPPU,other_fcs,2009,2.807454739568e-05
IPPU,IPPU,other_fcs,2010,2.807454739568e-05
IPPU,IPPU,other_fcs,2011,2.807454739568e-05
IPPU,IPPU,other_fcs,2012,2.807454739568e-05
IPPU,IPPU,other_fcs,2013,2.807454739568e-05
IPPU,IPPU,other_fcs,2014,2.807454739568e-05
IPPU,IPPU,other_fcs,2015,2.807454739568e-05
IPPU,IPPU,other_fcs,2016,3.20049840310752e-05
IPPU,IPPU,other_fcs,2017,3.6485681795425734e-05
IPPU,IPPU,pfcs,1995,2.366542962843039e-06
IPPU,IPPU,pfcs,1996,2.366542962843039e-06
IPPU,IPPU,pfcs,1997,2.366542962843039e-06
IPPU,IPPU,pfcs,1998,2.366542962843039e-06
IPPU,IPPU,pfcs,1999,2.366542962843039e-06
IPPU,IPPU,pfcs,2000,2.366542962843039e-06
IPPU,IPPU,pfcs,2001,2.366542962843039e-06
IPPU,IPPU,pfcs,2002,2.366542962843039e-06
IPPU,IPPU,pfcs,2003,2.366542962843039e-06
IPPU,IPPU,pfcs,2004,2.366542962843039e-06
IPPU,IPPU,pfcs,2005,2.366542962843039e-06
IPPU,IPPU,pfcs,2006,2.366542962843039e-06
IPPU,IPPU,pfcs,2007,2.366542962843039e-06
IPPU,IPPU,pfcs,2008,2.366542962843039e-06
IPPU,IPPU,pfcs,2009,2.366542962843039e-06
IPPU,IPPU,pfcs,2010,2.366542962843039e-06
IPPU,IPPU,pfcs,2011,2.366542962843039e-06
IPPU,IPPU,pfcs,2012,2.366542962843039e-06
IPPU,IPPU,pfcs,2013,2.366542962843039e-06
IPPU,IPPU,pfcs,2014,2.366542962843039e-06
IPPU,IPPU,pfcs,2015,2.366542962843039e-06
IPPU,IPPU,pfcs,2016,2.6978589776410652e-06
IPPU,IPPU,pfcs,2017,3.075559234510814e-06
IPPU,IPPU,sf6,1995,0.0
IPPU,IPPU,sf6,1996,0.0
IPPU,IPPU,sf6,1997,0.0
IPPU,IPPU,sf6,1998,0.0
IPPU,IPPU,sf6,1999,0.0
IPPU,IPPU,sf6,2000,0.0
IPPU,IPPU,sf6,2001,0.0
IPPU,IPPU,sf6,2002,0.0
IPPU,IPPU,sf6,2003,0.0
IPPU,IPPU,sf6,2004,0.0
IPPU,IPPU,sf6,2005,0.0
IPPU,IPPU,sf6,2006,0.0
IPPU,IPPU,sf6,2007,0.0
IPPU,IPPU,sf6,2008,0.0
IPPU,IPPU,sf6,2009,0.0
IPPU,IPPU,sf6,2010,0.0
IPPU,IPPU,sf6,2011,0.0
IPPU,IPPU,sf6,2012,0.0
IPPU,IPPU,sf6,2013,0.0
IPPU,IPPU,sf6,2014,0.0
IPPU,IPPU,sf6,2015,0.0
IPPU,IPPU,sf6,2016,0.0
IPPU,IPPU,sf6,2017,0.0
Waste,Solid Waste,ch4,1995,1.9765061
Waste,Solid Waste,ch4,1996,2.102969627
Waste,Solid Waste,ch4,1997,2.229433155
Waste,Solid Waste,ch4,1998,2.355896682
Waste,Solid Waste,ch4,1999,2.482360209
Waste,Solid Waste,ch4,2000,2.608823736
Waste,Solid Waste,ch4,2001,2.736467284
Waste,Solid Waste,ch4,2002,2.8641108309999996
Waste,Solid Waste,ch4,2003,2.991754378
Waste,Solid Waste,ch4,2004,3.119397925
Waste,Solid Waste,ch4,2005,3.2470414730000003
Waste,Solid Waste,ch4,2006,3.3756766799999998
Waste,Solid Waste,ch4,2007,3.504311887
Waste,Solid Waste,ch4,2008,3.632947095
Waste,Solid Waste,ch4,2009,3.761582302
Waste,Solid Waste,ch4,2010,3.890217509
Waste,Solid Waste,ch4,2011,4.020741856
Waste,Solid Waste,ch4,2012,4.151266204
Waste,Solid Waste,ch4,2013,4.281790551
Waste,Solid Waste,ch4,2014,4.412314898
Waste,Solid Waste,ch4,2015,4.542839245
Waste,Solid Waste,ch4,2016,4.676670973
Waste,Solid Waste,ch4,2017,4.8105027
Waste,Solid Waste,co2,1995,0.002004
Waste,Solid Waste,co2,1996,0.0021152
Waste,Solid Waste,co2,1997,0.0022264
Waste,Solid Waste,co2,1998,0.0023376
Waste,Solid Waste,co2,1999,0.0024488
Waste,Solid Waste,co2,2000,0.0025599999999999
Waste,Solid Waste,co2,2001,0.002777
Waste,Solid Waste,co2,2002,0.002994
Waste,Solid Waste,co2,2003,0.003211
Waste,Solid Waste,co2,2004,0.003428
Waste,Solid Waste,co2,2005,0.003645
Waste,Solid Waste,co2,2006,0.0037602
Waste,Solid Waste,co2,2007,0.0038754
Waste,Solid Waste,co2,2008,0.0039905999999999
Waste,Solid Waste,co2,2009,0.0041058
Waste,Solid Waste,co2,2010,0.004221
Waste,Solid Waste,co2,2011,0.0047312
Waste,Solid Waste,co2,2012,0.0052414
Waste,Solid Waste,co2,2013,0.0057516
Waste,Solid Waste,co2,2014,0.0062618
Waste,Solid Waste,co2,2015,0.006772
Waste,Solid Waste,co2,2016,0.0078315
Waste,Solid Waste,co2,2017,0.008891
Waste,Solid Waste,n2o,1995,0.179088
Waste,Solid Waste,n2o,1996,0.1854762
Waste,Solid Waste,n2o,1997,0.1918644
Waste,Solid Waste,n2o,1998,0.1982526
Waste,Solid Waste,n2o,1999,0.2046408
Waste,Solid Waste,n2o,2000,0.211029
Waste,Solid Waste,n2o,2001,0.2182908
Waste,Solid Waste,n2o,2002,0.2255526
Waste,Solid Waste,n2o,2003,0.2328144
Waste,Solid Waste,n2o,2004,0.2400762
Waste,Solid Waste,n2o,2005,0.24733799999999997
Waste,Solid Waste,n2o,2006,0.25514580000000003
Waste,Solid Waste,n2o,2007,0.2629536
Waste,Solid Waste,n2o,2008,0.27076140000000004
Waste,Solid Waste,n2o,2009,0.2785692
Waste,Solid Waste,n2o,2010,0.286377
Waste,Solid Waste,n2o,2011,0.29478540000000003
Waste,Solid Waste,n2o,2012,0.3031938
Waste,Solid Waste,n2o,2013,0.3116022
Waste,Solid Waste,n2o,2014,0.3200106
Waste,Solid Waste,n2o,2015,0.32841899999999996
Waste,Solid Waste,n2o,2016,0.339339
Waste,Solid Waste,n2o,2017,0.350259
Waste,Wastewater Treatment,ch4,1995,0.3812628
Waste,Wastewater Treatment,ch4,1996,0.4033397
Waste,Wastewater Treatment,ch4,1997,0.4254166
Waste,Wastewater Treatment,ch4,1998,0.4474935
Waste,Wastewater Treatment,ch4,1999,0.4695704
Waste,Wastewater Treatment,ch4,2000,0.4916473
Waste,Wastewater Treatment,ch4,2001,0.54731876
Waste,Wastewater Treatment,ch4,2002,0.60299022
Waste,Wastewater Treatment,ch4,2003,0.65866168
Waste,Wastewater Treatment,ch4,2004,0.71433314
Waste,Wastewater Treatment,ch4,2005,0.7700046
Waste,Wastewater Treatment,ch4,2006,0.84035706
Waste,Wastewater Treatment,ch4,2007,0.91070952
Waste,Wastewater Treatment,ch4,2008,0.98106198
Waste,Wastewater Treatment,ch4,2009,1.05141444
Waste,Wastewater Treatment,ch4,2010,1.1217669
Waste,Wastewater Treatment,ch4,2011,1.21837342
Waste,Wastewater Treatment,ch4,2012,1.31497994
Waste,Wastewater Treatment,ch4,2013,1.41158646
Waste,Wastewater Treatment,ch4,2014,1.50819298
Waste,Wastewater Treatment,ch4,2015,1.6047995
Waste,Wastewater Treatment,ch4,2016,1.7341585
Waste,Wastewater Treatment,ch4,2017,1.8635175
Waste,Wastewater Treatment,n2o,1995,0.187824
Waste,Wastewater Treatment,n2o,1996,0.194649
Waste,Wastewater Treatment,n2o,1997,0.201474
Waste,Wastewater Treatment,n2o,1998,0.208299
Waste,Wastewater Treatment,n2o,1999,0.215124
Waste,Wastewater Treatment,n2o,2000,0.221949
Waste,Wastewater Treatment,n2o,2001,0.229866
Waste,Wastewater Treatment,n2o,2002,0.237783
Waste,Wastewater Treatment,n2o,2003,0.2457
Waste,Wastewater Treatment,n2o,2004,0.253617
Waste,Wastewater Treatment,n2o,2005,0.261534
Waste,Wastewater Treatment,n2o,2006,0.2890524
Waste,Wastewater Treatment,n2o,2007,0.3165708
Waste,Wastewater Treatment,n2o,2008,0.3440892
Waste,Wastewater Treatment,n2o,2009,0.3716076
Waste,Wastewater Treatment,n2o,2010,0.399126
Waste,Wastewater Treatment,n2o,2011,0.4084626
Waste,Wastewater Treatment,n2o,2012,0.4177992
Waste,Wastewater Treatment,n2o,2013,0.4271358
Waste,Wastewater Treatment,n2o,2014,0.4364724
Waste,Wastewater Treatment,n2o,2015,0.445809
Waste,Wastewater Treatment,n2o,2016,0.459459
Waste,Wastewater Treatment,n2o,2017,0.473109
