year,frac_trns_fuelmix_road_light_biofuels,frac_trns_fuelmix_road_light_diesel,frac_trns_fuelmix_road_light_electricity,frac_trns_fuelmix_road_light_gasoline,frac_trns_fuelmix_road_light_hydrocarbon_gas_liquids,frac_trns_fuelmix_road_light_hydrogen
2015,0.0,0.43307086614173235,0.0,0.5669291338582676,0.0,0.0
2016,0.0,0.43307086614173274,0.0,0.5669291338582672,0.0,0.0
2017,0.0,0.4330708661417332,0.0,0.5669291338582668,0.0,0.0
2018,0.0004903277331767174,0.4328585194856334,0.0,0.5666511527811899,0.0,0.0
2019,0.0034565072205733805,0.43147276561499864,0.00023365217752434816,0.5648370749869035,0.0,0.0
2020,0.006878757026828961,0.4297301893575992,0.0008351693656283909,0.5625558842499435,0.0,0.0
2021,0.01085529336569397,0.4276876732431594,0.001574988418288407,0.5598820449728581,0.0,0.0
2022,0.015415416508492848,0.42532218036229497,0.002477003382213129,0.5567853997469991,0.0,0.0
2023,0.020479873792893084,0.422664505734607,0.003549358419928406,0.5533062620525715,0.0,0.0
2024,0.02590815819240624,0.419774077855113,0.004795334760337026,0.5495224291921438,0.0,0.0
2025,0.03153285466688431,0.4167208411135699,0.006220839489057358,0.5455254647304884,0.0,0.0
2026,0.03718340809334114,0.4135731153744766,0.00783867095105138,0.5414048055811308,0.0,0.0
2027,0.042701803654580754,0.4103903037801448,0.009669676707631717,0.5372382158576428,0.0,0.0
2028,0.047952558649656835,0.4072194009319838,0.011740824652853999,0.5330872157655053,0.0,0.0
2029,0.05282919839970924,0.40409439582621076,0.014080105783404382,0.5289962999906757,0.0,0.0
2030,0.05725908041832306,0.40103783174932317,0.01670810808778516,0.5249949797445687,0.0,0.0
2031,0.061208071854519555,0.39806395172237424,0.019626075986543135,0.521101900436563,0.0,0.0
2032,0.06468618914124245,0.3951830029110283,0.022800331409655636,0.5173304765380737,0.0,0.0
2033,0.0677309531268574,0.3924015834155456,0.02617811789542815,0.513689345562169,0.0,0.0
2034,0.0703946003764602,0.38972315665145596,0.029699201537450436,0.5101830414346336,0.0,0.0
2035,0.07273482228690879,0.3871486070604932,0.033303848682497875,0.5068127219701003,0.0,0.0
2036,0.07480855313110035,0.3846767465755695,0.03693786841258454,0.5035768318807455,0.0,0.0
2037,0.07666827052532801,0.3823047110074478,0.04055539678474698,0.5004716216824772,0.0,0.0
2038,0.07836027657825191,0.38002820985669505,0.0441200388435612,0.49749147472149197,0.0,0.0
2039,0.07992446997954726,0.37784161311842923,0.04760489609244309,0.49462902080958054,0.0,0.0
2040,0.08139517868972007,0.3757378759360588,0.05099190778519827,0.49187503758902296,0.0,0.0
2041,0.08280268476918085,0.3737083181311833,0.054270835182449864,0.489218161917186,0.0,0.0
2042,0.084175126609524,0.37174229233590567,0.05743812563302069,0.4866444554215496,0.0,0.0
2043,0.08554050246489185,0.36982679315383665,0.06049581152533971,0.48413689285593176,0.0,0.0
2044,0.08692851893734145,0.3679460816102608,0.06345052898078375,0.48167487047161406,0.0,0.0
2045,0.08837202792095931,0.3660814247271217,0.06631268225459656,0.4792338650973225,0.0,0.0
2046,0.08990777699363944,0.3642110792371044,0.06909573094977468,0.47678541281948145,0.0,0.0
2047,0.09157616546771813,0.36231068009559153,0.07181553685700769,0.47429761757968264,0.0,0.0
2048,0.09341965812702094,0.36035422613053847,0.07448967426246372,0.47173644147997684,0.0,0.0
2049,0.09547947102316144,0.3583158828514096,0.07713658130176615,0.46906806482366287,0.0,0.0
2050,0.09779012199356335,0.3561728401577727,0.07977441073303446,0.4662626271156295,0.0,0.0
2051,0.1003714500701194,0.3539094622833184,0.0824194279302179,0.46329965971634424,0.0,0.0
2052,0.10321777401716759,0.35152293824101194,0.0850838049535862,0.4601754827882343,0.0,0.0
2053,0.10630774590710963,0.3490187476830864,0.08777623671558095,0.45689726969422295,0.0,0.0
2054,0.10961184007217564,0.34640714087936497,0.09050258007910796,0.45347843896935147,0.0,0.0
2055,0.11309769434938001,0.34370057539879395,0.09326643154794928,0.44993529870387683,0.0,0.0
2056,0.11673360236856375,0.34091200433065993,0.09606958763154755,0.4462848056692288,0.0,0.0
2057,0.12049048405494056,0.3380538887658803,0.09891235461293471,0.44254327256624454,0.0,0.0
2058,0.12434265501735547,0.3351378022595874,0.10179369249232319,0.4387258502307339,0.0,0.0
2059,0.12826768928941035,0.3321744998713491,0.1047111928258369,0.4348466180134037,0.0,0.0
2060,0.13224563599387767,0.3291743332089386,0.10766090368729943,0.4309191271098844,0.0,0.0
2061,0.13625781797791978,0.32614790103980323,0.11063702871198794,0.42695725227028897,0.0,0.0
2062,0.14028541577834708,0.32310682902120536,0.11363154266359592,0.42297621253685164,0.0,0.0
2063,0.14430802760281308,0.3200645695797325,0.11663378445853093,0.4189936183589235,0.0,0.0
2064,0.1483023975011879,0.3170371026522853,0.1196301109198979,0.4150303889266289,0.0,0.0
2065,0.1522415197912465,0.31404339968222045,0.12260372094253448,0.4111113595839985,0.0,0.0
2066,0.15609435641239067,0.3111054879374273,0.12553478962300368,0.4072653660271783,0.0,0.0
2067,0.15982644144788188,0.30824792224915754,0.12840108354042634,0.4035245527625343,0.0,0.0
2068,0.1634016874507561,0.3054964406581716,0.1311792586658288,0.3999226132252437,0.0,0.0
2069,0.16678574255957024,0.3028755551239681,0.13384706651781186,0.39649163579864993,0.0,0.0
2070,0.16995126367939956,0.30040481656442775,0.1363867053445574,0.3932572144116153,0.0,0.0
2071,0.1728854537231999,0.2980935056964672,0.13878954221404774,0.39023149836628523,0.0,0.0
2072,0.1756001408981676,0.2959335506999224,0.14106238748564714,0.38740392091626297,0.0,0.0
2073,0.17812194783500598,0.2939064307772048,0.14322138473399285,0.3847502366537963,0.0,0.0
2074,0.18048483682272218,0.29198841571759393,0.14528736688392363,0.38223938057576035,0.0,0.0
2075,0.1827247674551899,0.2901543245701318,0.14728251944650467,0.3798383885281736,0.0,0.0
2076,0.18487612964658037,0.2883800385838,0.14922814489628053,0.37751568687333914,0.0,0.0
2077,0.18696959504827754,0.2866440180407113,0.15114330874862472,0.3752430781623865,0.0,0.0
2078,0.18903104564640524,0.28492806194475206,0.1530441567720757,0.37299673563676683,0.0,0.0
2079,0.19108127555261417,0.28321752369549535,0.15494371518687808,0.3707574855650124,0.0,0.0
2080,0.19313620994953706,0.281501162446697,0.15685201494627155,0.36851061265749435,0.0,0.0
2081,0.1952074360844245,0.2797707742604024,0.15877641244155521,0.36624537721361766,0.0,0.0
2082,0.1973028899484053,0.27802071306475096,0.16072200897480649,0.3639543880120374,0.0,0.0
2083,0.19942758571413663,0.2762473810079854,0.16269209814015187,0.3616329351377261,0.0,0.0
2084,0.2015843115744999,0.2744487421748894,0.16468859285802842,0.3592783533925823,0.0,0.0
2085,0.20377424490190985,0.27262389310087537,0.16671240193788722,0.35688946005932753,0.0,0.0
2086,0.20599746196777832,0.27077270784959623,0.16876373990679075,0.3544660902758348,0.0,0.0
2087,0.2082533336315349,0.268895564044218,0.1708423639390892,0.35200873838515784,0.0,0.0
2088,0.21054080948280754,0.2669931484147142,0.17294773872321625,0.3495183033792619,0.0,0.0
2089,0.2128586000392479,0.2650663353341394,0.17507913473464867,0.3469959298919639,0.0,0.0
2090,0.21520527088157435,0.26311612867062084,0.17723566836990168,0.3444429320779032,0.0,0.0
2091,0.2175792650661831,0.2611436553488294,0.17941629440106585,0.3418607851839216,0.0,0.0
2092,0.2199788716748321,0.2591501976617682,0.1816197628152671,0.33925116784813253,0.0,0.0
2093,0.22240215965770127,0.2571372500837002,0.1838445537853915,0.33661603647320715,0.0,0.0
2094,0.22484689773927066,0.2551065847203818,0.18608880663366606,0.3339577109066814,0.0,0.0
2095,0.2273104834330477,0.2530603073484229,0.18835026141695765,0.33127894780157174,0.0,0.0
2096,0.22978990729065077,0.2510008831551185,0.19062623524207536,0.32858297431215533,0.0,0.0
2097,0.23228178230209517,0.24893110788757547,0.19291365948477568,0.3258734503255538,0.0,0.0
2098,0.23478247251503784,0.24685399645830658,0.19520920839032627,0.3231543226363293,0.0,0.0
2099,0.23728835879978424,0.24477255767955894,0.197509553467415,0.32042953005324176,0.0,0.0
2100,0.23979628226191155,0.24268942153584655,0.19981178073713243,0.3177025154651094,0.0,0.0
