year,frac_trns_fuelmix_road_heavy_freight_biofuels,frac_trns_fuelmix_road_heavy_freight_diesel,frac_trns_fuelmix_road_heavy_freight_electricity,frac_trns_fuelmix_road_heavy_freight_gasoline,frac_trns_fuelmix_road_heavy_freight_hydrocarbon_gas_liquids,frac_trns_fuelmix_road_heavy_freight_hydrogen,frac_trns_fuelmix_road_heavy_freight_natural_gas
2015,0.0,0.4302325581395348,0.0,0.5697674418604652,0.0,0.0,0.0
2016,0.0,0.4302325581395353,0.0,0.5697674418604647,0.0,0.0,0.0
2017,0.0,0.43023255813953587,0.0,0.5697674418604641,0.0,0.0,0.0
2018,0.0004903277331767171,0.43002160318456506,0.0,0.5694880690822582,0.0,0.0,0.0
2019,0.0034565072205733766,0.42864493142175075,0.0002336521775243479,0.5676649091801516,0.0,0.0,0.0
2020,0.006878757026828947,0.4269137758544105,0.0008351693656283892,0.5653722977531321,0.0,0.0,0.0
2021,0.010855293365693946,0.42488464620921995,0.0015749884182884033,0.5626850720067976,0.0,0.0,0.0
2022,0.015415416508492806,0.42253465655865313,0.0024770033822131225,0.5595729235506409,0.0,0.0,0.0
2023,0.020479873792893025,0.4198944000944873,0.0035493584199283957,0.5560763676926913,0.0,0.0,0.0
2024,0.02590815819240616,0.4170229158226603,0.004795334760337011,0.5522735912245965,0.0,0.0,0.0
2025,0.03153285466688422,0.41398968972360944,0.0062208394890573395,0.5482566161204491,0.0,0.0,0.0
2026,0.037183408093341044,0.41086259389950797,0.00783867095105136,0.5441153270560997,0.0,0.0,0.0
2027,0.04270180365458066,0.40770064216974766,0.009669676707631697,0.53992787746804,0.0,0.0,0.0
2028,0.04795255864965675,0.40455052113729306,0.011740824652853978,0.5357560955601962,0.0,0.0,0.0
2029,0.05282919839970917,0.40144599703749834,0.014080105783404363,0.5316446987793881,0.0,0.0,0.0
2030,0.05725908041832301,0.3984094654101629,0.016708108087785143,0.5276233460837289,0.0,0.0,0.0
2031,0.061208071854519513,0.3954550759288449,0.01962607598654312,0.5237107762300925,0.0,0.0,0.0
2032,0.06468618914124241,0.3925930086001944,0.022800331409655622,0.5199204708489076,0.0,0.0,0.0
2033,0.06773095312685735,0.3898298182811089,0.02617811789542813,0.5162611106966056,0.0,0.0,0.0
2034,0.07039460037646014,0.38716894568820026,0.02969920153745042,0.5127372523978891,0.0,0.0,0.0
2035,0.07273482228690874,0.38461126946664964,0.033303848682497854,0.5093500595639439,0.0,0.0,0.0
2036,0.0748085531311003,0.3821556093358555,0.03693786841258452,0.5060979691204597,0.0,0.0,0.0
2037,0.07666827052532797,0.3797991198782227,0.040555396784746955,0.5029772128117024,0.0,0.0,0.0
2038,0.07836027657825184,0.37753753871387036,0.04412003884356116,0.4999821458643167,0.0,0.0,0.0
2039,0.07992446997954716,0.3753652727364686,0.04760489609244303,0.4971053611915412,0.0,0.0,0.0
2040,0.08139517868971999,0.37327532326079027,0.050991907785198215,0.49433759026429147,0.0,0.0,0.0
2041,0.08280268476918075,0.3712590669975536,0.0542708351824498,0.49166741305081585,0.0,0.0,0.0
2042,0.08417512660952389,0.36930592636076504,0.057438125633020615,0.48908082139669035,0.0,0.0,0.0
2043,0.08554050246489171,0.3674029811902486,0.060495811525339616,0.4865607048195199,0.0,0.0,0.0
2044,0.0869285189373413,0.3655345956631317,0.06345052898078364,0.48408635641874337,0.0,0.0,0.0
2045,0.08837202792095916,0.36368215957563255,0.06631268225459644,0.48163313024881194,0.0,0.0,0.0
2046,0.08990777699363928,0.3618240721638795,0.06909573094977456,0.47917241989270654,0.0,0.0,0.0
2047,0.09157616546771798,0.35993612806959435,0.07181553685700755,0.47667216960568015,0.0,0.0,0.0
2048,0.09341965812702079,0.3579924965301051,0.07448967426246361,0.4740981710804105,0.0,0.0,0.0
2049,0.09547947102316132,0.35596751237183316,0.07713658130176604,0.4714164353032395,0.0,0.0,0.0
2050,0.09779012199356324,0.3538385149897192,0.07977441073303436,0.4685969522836831,0.0,0.0,0.0
2051,0.10037145007011933,0.3515899710928779,0.08241942793021785,0.465619150906785,0.0,0.0,0.0
2052,0.10321777401716752,0.34921908811723357,0.08508380495358614,0.4624793329120127,0.0,0.0,0.0
2053,0.10630774590710959,0.34673130980186545,0.08777623671558091,0.459184707575444,0.0,0.0,0.0
2054,0.10961184007217563,0.3441368192372383,0.09050258007910793,0.45574876061147823,0.0,0.0,0.0
2055,0.11309769434937998,0.34144799234649775,0.09326643154794925,0.45218788175617297,0.0,0.0,0.0
2056,0.11673360236856375,0.3386776973255335,0.09606958763154755,0.44851911267435524,0.0,0.0,0.0
2057,0.12049048405494056,0.3358383135963792,0.09891235461293471,0.4447588477357455,0.0,0.0,0.0
2058,0.1243426550173555,0.3329413388621151,0.10179369249232322,0.4409223136282063,0.0,0.0,0.0
2059,0.12826768928941035,0.32999745769460304,0.1047111928258369,0.4370236601901497,0.0,0.0,0.0
2060,0.13224563599387765,0.32701695385809837,0.1076609036872994,0.43307650646072465,0.0,0.0,0.0
2061,0.13625781797791972,0.3240103566566677,0.1106370287119879,0.4290947966534246,0.0,0.0,0.0
2062,0.14028541577834697,0.32098921555404797,0.11363154266359585,0.4250938260040092,0.0,0.0,0.0
2063,0.14430802760281292,0.31796689481081736,0.11663378445853079,0.4210912931278389,0.0,0.0,0.0
2064,0.1483023975011877,0.3149592696327889,0.11963011091989774,0.41710822194612557,0.0,0.0,0.0
2065,0.15224151979124634,0.3119851871261643,0.12260372094253434,0.41316957214005523,0.0,0.0,0.0
2066,0.15609435641239047,0.30906653019407476,0.12553478962300355,0.4093043237705312,0.0,0.0,0.0
2067,0.15982644144788172,0.3062276927375885,0.1284010835404262,0.4055447822741035,0.0,0.0,0.0
2068,0.16340168745075595,0.30349424411263237,0.1311792586658287,0.40192480977078304,0.0,0.0,0.0
2069,0.16678574255957015,0.30089053562949863,0.1338470665178118,0.3984766552931194,0.0,0.0,0.0
2070,0.16995126367939956,0.2984359900710885,0.1363867053445574,0.39522604090495445,0.0,0.0,0.0
2071,0.17288545372319997,0.296139827329324,0.1387895422140478,0.39218517673342834,0.0,0.0,0.0
2072,0.17560014089816772,0.29399402848603345,0.14106238748564726,0.38934344313015173,0.0,0.0,0.0
2073,0.17812194783500615,0.2919801941272914,0.14322138473399298,0.3866764733037095,0.0,0.0,0.0
2074,0.18048483682272232,0.29007474956807117,0.14528736688392377,0.38415304672528283,0.0,0.0,0.0
2075,0.18272476745519006,0.2882526788911315,0.1472825194465048,0.3817400342071737,0.0,0.0,0.0
2076,0.18487612964658048,0.28649002141760643,0.1492281448962806,0.37940570403953244,0.0,0.0,0.0
2077,0.18696959504827762,0.28476537859900714,0.1511433087486248,0.37712171760409036,0.0,0.0,0.0
2078,0.18903104564640533,0.28306066872693253,0.15304415677207578,0.37486412885458625,0.0,0.0,0.0
2079,0.19108127555261423,0.2813613411934742,0.1549437151868781,0.37261366806703344,0.0,0.0,0.0
2080,0.1931362099495371,0.27965622882389624,0.15685201494627157,0.37035554628029504,0.0,0.0,0.0
2081,0.1952074360844246,0.2779371814481249,0.1587764124415553,0.36807897002589524,0.0,0.0,0.0
2082,0.1973028899484054,0.276198589998153,0.16072200897480657,0.3657765110786352,0.0,0.0,0.0
2083,0.1994275857141367,0.2744368802022246,0.16269209814015193,0.36344343594348677,0.0,0.0,0.0
2084,0.2015843115745,0.27265002948833067,0.16468859285802848,0.36107706607914075,0.0,0.0,0.0
2085,0.20377424490190998,0.2708371403131104,0.16671240193788733,0.3586762128470923,0.0,0.0,0.0
2086,0.20599746196777846,0.26899808756559224,0.16876373990679086,0.3562407105598385,0.0,0.0,0.0
2087,0.2082533336315351,0.2671332463940336,0.17084236393908933,0.35377105603534204,0.0,0.0,0.0
2088,0.21054080948280773,0.26524329902764054,0.17294773872321642,0.3512681527663352,0.0,0.0,0.0
2089,0.21285860003924809,0.26332911410890447,0.1750791347346488,0.34873315111719844,0.0,0.0,0.0
2090,0.21520527088157454,0.26139168892669007,0.17723566836990184,0.3461673718218335,0.0,0.0,0.0
2091,0.21757926506618339,0.25943214301990397,0.1794162944010661,0.3435722975128466,0.0,0.0,0.0
2092,0.21997887167483235,0.25745175027751493,0.1816197628152673,0.3409496152323853,0.0,0.0,0.0
2093,0.22240215965770152,0.25545199537913404,0.1838445537853917,0.33830129117777274,0.0,0.0,0.0
2094,0.2248468977392709,0.25343463881629424,0.18608880663366628,0.33562965681076856,0.0,0.0,0.0
2095,0.2273104834330479,0.2514017725645322,0.18835026141695782,0.332937482585462,0.0,0.0,0.0
2096,0.22978990729065096,0.24935584565452457,0.19062623524207553,0.330228011812749,0.0,0.0,0.0
2097,0.23228178230209529,0.24729963551029963,0.19291365948477576,0.32750492270282944,0.0,0.0,0.0
2098,0.2347824725150379,0.2452361372849014,0.1952092083903263,0.3247721818097343,0.0,0.0,0.0
2099,0.23728835879978427,0.2431683400710887,0.19750955346741506,0.32203374766171194,0.0,0.0,0.0
2100,0.23979628226191155,0.24109885661669045,0.19981178073713243,0.3192930803842655,0.0,0.0,0.0
