area_lndu_supremum_croplands_ha,area_lndu_supremum_flooded_ha,area_lndu_supremum_forests_mangroves_ha,area_lndu_supremum_forests_primary_ha,area_lndu_supremum_forests_secondary_ha,area_lndu_supremum_grasslands_ha,area_lndu_supremum_other_ha,area_lndu_supremum_pastures_ha,area_lndu_supremum_settlements_ha,area_lndu_supremum_shrublands_ha,area_lndu_supremum_wetlands_ha,year
20349850.0,3898020.0000000005,-999.0,-999.0,-999.0,-999.0,-999.0,-999.0,-999.0,-999.0,-999.0,2015
20349850.0,3898020.0000000005,-999.0,-999.0,-999.0,-999.0,-999.0,-999.0,-999.0,-999.0,-999.0,2016
20349850.0,3898020.0000000005,-999.0,-999.0,-999.0,-999.0,-999.0,-999.0,-999.0,-999.0,-999.0,2017
20349850.0,3898020.0000000005,-999.0,-999.0,-999.0,-999.0,-999.0,-999.0,-999.0,-999.0,-999.0,2018
20349850.0,3898020.0000000005,-999.0,-999.0,-999.0,-999.0,-999.0,-999.0,-999.0,-999.0,-999.0,2019
20349850.0,3898020.0000000005,-999.0,-999.0,-999.0,-999.0,-999.0,-999.0,-999.0,-999.0,-999.0,2020
20349850.0,3898020.0000000005,-999.0,-999.0,-999.0,-999.0,-999.0,-999.0,-999.0,-999.0,-999.0,2021
20349850.0,3898020.0000000005,-999.0,-999.0,-999.0,-999.0,-999.0,-999.0,-999.0,-999.0,-999.0,2022
20349850.0,3898020.0000000005,-999.0,-999.0,-999.0,-999.0,-999.0,-999.0,-999.0,-999.0,-999.0,2023
20349850.0,3898020.0000000005,-999.0,-999.0,-999.0,-999.0,-999.0,-999.0,-999.0,-999.0,-999.0,2024
20349850.0,3898020.0000000005,-999.0,-999.0,-999.0,-999.0,-999.0,-999.0,-999.0,-999.0,-999.0,2025
20349968.333333336,3898020.0000000005,-999.0,-999.0,-999.0,-999.0,-999.0,-999.0,-999.0,-999.0,-999.0,2026
20350086.666666668,3898020.0000000005,-999.0,-999.0,-999.0,-999.0,-999.0,-999.0,-999.0,-999.0,-999.0,2027
20350205.0,3898020.0000000005,-999.0,-999.0,-999.0,-999.0,-999.0,-999.0,-999.0,-999.0,-999.0,2028
20350323.333333332,3898020.0000000005,-999.0,-999.0,-999.0,-999.0,-999.0,-999.0,-999.0,-999.0,-999.0,2029
20350441.666666668,3898020.0000000005,-999.0,-999.0,-999.0,-999.0,-999.0,-999.0,-999.0,-999.0,-999.0,2030
20350560.0,3898020.0000000005,-999.0,-999.0,-999.0,-999.0,-999.0,-999.0,-999.0,-999.0,-999.0,2031
20350678.333333332,3898020.0000000005,-999.0,-999.0,-999.0,-999.0,-999.0,-999.0,-999.0,-999.0,-999.0,2032
20350796.666666668,3898020.0000000005,-999.0,-999.0,-999.0,-999.0,-999.0,-999.0,-999.0,-999.0,-999.0,2033
20350915.0,3898020.0000000005,-999.0,-999.0,-999.0,-999.0,-999.0,-999.0,-999.0,-999.0,-999.0,2034
20351033.333333332,3898020.0000000005,-999.0,-999.0,-999.0,-999.0,-999.0,-999.0,-999.0,-999.0,-999.0,2035
20351151.666666668,3898020.0000000005,-999.0,-999.0,-999.0,-999.0,-999.0,-999.0,-999.0,-999.0,-999.0,2036
20351270.0,3898020.0000000005,-999.0,-999.0,-999.0,-999.0,-999.0,-999.0,-999.0,-999.0,-999.0,2037
20351388.333333332,3898020.0000000005,-999.0,-999.0,-999.0,-999.0,-999.0,-999.0,-999.0,-999.0,-999.0,2038
20351506.666666664,3898020.0000000005,-999.0,-999.0,-999.0,-999.0,-999.0,-999.0,-999.0,-999.0,-999.0,2039
20351625.0,3898020.0000000005,-999.0,-999.0,-999.0,-999.0,-999.0,-999.0,-999.0,-999.0,-999.0,2040
20351743.333333336,3898020.0000000005,-999.0,-999.0,-999.0,-999.0,-999.0,-999.0,-999.0,-999.0,-999.0,2041
20351861.666666668,3898020.0000000005,-999.0,-999.0,-999.0,-999.0,-999.0,-999.0,-999.0,-999.0,-999.0,2042
20351980.0,3898020.0000000005,-999.0,-999.0,-999.0,-999.0,-999.0,-999.0,-999.0,-999.0,-999.0,2043
20352098.333333332,3898020.0000000005,-999.0,-999.0,-999.0,-999.0,-999.0,-999.0,-999.0,-999.0,-999.0,2044
20352216.666666668,3898020.0000000005,-999.0,-999.0,-999.0,-999.0,-999.0,-999.0,-999.0,-999.0,-999.0,2045
20352335.0,3898020.0000000005,-999.0,-999.0,-999.0,-999.0,-999.0,-999.0,-999.0,-999.0,-999.0,2046
20352453.333333332,3898020.0000000005,-999.0,-999.0,-999.0,-999.0,-999.0,-999.0,-999.0,-999.0,-999.0,2047
20352571.666666668,3898020.0000000005,-999.0,-999.0,-999.0,-999.0,-999.0,-999.0,-999.0,-999.0,-999.0,2048
20352690.0,3898020.0000000005,-999.0,-999.0,-999.0,-999.0,-999.0,-999.0,-999.0,-999.0,-999.0,2049
20352808.333333332,3898020.0000000005,-999.0,-999.0,-999.0,-999.0,-999.0,-999.0,-999.0,-999.0,-999.0,2050
20352926.666666668,3898020.0000000005,-999.0,-999.0,-999.0,-999.0,-999.0,-999.0,-999.0,-999.0,-999.0,2051
20353045.0,3898020.0000000005,-999.0,-999.0,-999.0,-999.0,-999.0,-999.0,-999.0,-999.0,-999.0,2052
20353163.333333332,3898020.0000000005,-999.0,-999.0,-999.0,-999.0,-999.0,-999.0,-999.0,-999.0,-999.0,2053
20353281.666666664,3898020.0000000005,-999.0,-999.0,-999.0,-999.0,-999.0,-999.0,-999.0,-999.0,-999.0,2054
20353400.0,3898020.0000000005,-999.0,-999.0,-999.0,-999.0,-999.0,-999.0,-999.0,-999.0,-999.0,2055
20353546.666666668,3898020.0000000005,-999.0,-999.0,-999.0,-999.0,-999.0,-999.0,-999.0,-999.0,-999.0,2056
20353693.333333336,3898020.0000000005,-999.0,-999.0,-999.0,-999.0,-999.0,-999.0,-999.0,-999.0,-999.0,2057
20353840.0,3898020.0000000005,-999.0,-999.0,-999.0,-999.0,-999.0,-999.0,-999.0,-999.0,-999.0,2058
20353986.666666668,3898020.0000000005,-999.0,-999.0,-999.0,-999.0,-999.0,-999.0,-999.0,-999.0,-999.0,2059
20354133.333333332,3898020.0000000005,-999.0,-999.0,-999.0,-999.0,-999.0,-999.0,-999.0,-999.0,-999.0,2060
20354280.0,3898020.0000000005,-999.0,-999.0,-999.0,-999.0,-999.0,-999.0,-999.0,-999.0,-999.0,2061
20354426.666666668,3898020.0000000005,-999.0,-999.0,-999.0,-999.0,-999.0,-999.0,-999.0,-999.0,-999.0,2062
20354573.333333332,3898020.0000000005,-999.0,-999.0,-999.0,-999.0,-999.0,-999.0,-999.0,-999.0,-999.0,2063
20354720.0,3898020.0000000005,-999.0,-999.0,-999.0,-999.0,-999.0,-999.0,-999.0,-999.0,-999.0,2064
20354866.666666668,3898020.0000000005,-999.0,-999.0,-999.0,-999.0,-999.0,-999.0,-999.0,-999.0,-999.0,2065
20355013.333333332,3898020.0000000005,-999.0,-999.0,-999.0,-999.0,-999.0,-999.0,-999.0,-999.0,-999.0,2066
20355160.0,3898020.0000000005,-999.0,-999.0,-999.0,-999.0,-999.0,-999.0,-999.0,-999.0,-999.0,2067
20355306.666666664,3898020.0000000005,-999.0,-999.0,-999.0,-999.0,-999.0,-999.0,-999.0,-999.0,-999.0,2068
20355453.333333332,3898020.0000000005,-999.0,-999.0,-999.0,-999.0,-999.0,-999.0,-999.0,-999.0,-999.0,2069
20355600.0,3898020.0000000005,-999.0,-999.0,-999.0,-999.0,-999.0,-999.0,-999.0,-999.0,-999.0,2070
